,Unnamed: 0,expt_n,environment,environment_info,data_file,Model_name,R1,R2,R3,wear_threshold,threshold_factor,add_noise,breakdown_chance,episodes,milling_operations_max,version_prefix,test_info,test_cases,test_rounds,results_folder,test_file,train_sample_rate,test_sample_rate,Round,RF_Pr,RF_Rc,RF_F1,RF_F05,RF_Pr_sd,RF_Rc_sd,RF_F1_sd,RF_F05_sd,A2C_Pr,A2C_Rc,A2C_F1,A2C_F05,A2C_Pr_sd,A2C_Rc_sd,A2C_F1_sd,A2C_F05_sd,DQN_Pr,DQN_Rc,DQN_F1,DQN_F05,DQN_Pr_sd,DQN_Rc_sd,DQN_F1_sd,DQN_F05_sd,PPO_Pr,PPO_Rc,PPO_F1,PPO_F05,PPO_Pr_sd,PPO_Rc_sd,PPO_F1_sd,PPO_F05_sd,model_file,RF_time,A2C_time,DQN_time,PPO_time
0,0,0,SS,Simulated NBD,data\Simulated_Dasic_2006_Tool_Wear_Model_Train.csv,RF_Model_Dasic_NoNBD.mdl,1.0,-1,-40,0.25,0.95,0,0.0,800,121,Dasic,Separate test set.,40,10,results/MRL1-10r-All-R2,data\Simulated_Dasic_2006_Tool_Wear_Model_Test.csv,1,2,0,0.9361757278669044,0.845,0.8857641505009927,0.9146697435012652,0.0423281382044073,0.0797565740933693,0.0453122206639411,0.0356521148221922,0.4706934731934732,0.26,0.3322043754300182,0.4018440945879026,0.106696588609771,0.0809663853432741,0.0902263076340461,0.097596699642185,0.5039136302294197,0.98,0.6655562049483732,0.5581321940333568,0.0137028569720313,0.0258198889747161,0.0172919175231632,0.0148948911036506,0.4739586488502897,0.375,0.4150667371700029,0.4473017623797085,0.0873566166969324,0.1034139470499238,0.0903056433209753,0.0859423434618481,models/5_0_Dasic_NoNBD__RF_Model_05-Jul-2023_15-36_0.94_0.84_0.91.mdl,50.11418175697327,12.881725549697876,0.9556934833526612,11.432382106781006
1,1,1,SS,Simulated LBD,data\Simulated_Dasic_2006_Tool_Wear_Model_Train.csv,RF_Model_Dasic_LowNBD.mdl,0.5,-1,-40,0.25,0.9,1000,0.05,800,121,Dasic,Separate test set.,40,10,results/MRL1-10r-All-R2,data\Simulated_Dasic_2006_Tool_Wear_Model_Test.csv,1,2,0,0.7904726247987117,0.97,0.8705113936516815,0.8205534257640764,0.0431829302847781,0.0258198889747161,0.0305566976004157,0.038390008744303,0.4885050469489829,0.44,0.4590456298527433,0.4751402207208842,0.0570119589526364,0.1021980647783726,0.0746096642157098,0.0611059378930319,0.9238095238095236,0.325,0.4789468513606444,0.6718073593073594,0.084920222847572,0.0353553390593273,0.0378935659547601,0.0440314990363447,0.4997619047619047,0.12,0.1873247638030246,0.2902913059163059,0.3118198317262677,0.0788810637746615,0.1155962876796221,0.1689808841474197,models/5_1_Dasic_LowNBD__RF_Model_05-Jul-2023_15-38_0.79_0.97_0.82.mdl,47.42179584503174,12.786012411117554,0.9232003688812256,11.564073085784912
2,2,2,SS,Simulated HBD,data\Simulated_Dasic_2006_Tool_Wear_Model_Train.csv,RF_Model_Dasic_HighNBD.mdl,0.5,-1,-40,0.25,0.9,100,0.1,800,121,Dasic,Separate test set.,40,10,results/MRL1-10r-All-R2,data\Simulated_Dasic_2006_Tool_Wear_Model_Test.csv,1,2,0,0.6901477832512315,1.0,0.816530612244898,0.7356760886172651,0.0194450173960631,0.0,0.013609409852304,0.0176761435301764,0.0,0.0,0.0,0.0,0.0,0.0,0.0,0.0,0.4987872487872488,0.97,0.6586986167932982,0.5524220611429913,0.007428462457942,0.0258198889747161,0.0093266238692148,0.0076719160386011,0.5460714285714285,0.13,0.2047156901069944,0.3190833472083472,0.2238489566184947,0.0632455532033675,0.0905590614055138,0.1266143140618513,models/5_2_Dasic_HighNBD__RF_Model_05-Jul-2023_15-39_0.69_1.00_0.74.mdl,48.123043060302734,13.00904631614685,0.95505952835083,11.319814443588257
3,3,3,SS,PHM C01 SS NBD,data\PHM_Tool_Wear_Data_C01_0p12.csv,RF_Model_PHM_C01_SS_NoNBD.mdl,1.0,-1,-40,0.12,0.9,0,0.0,800,348,PHM_C01_SS,Separate test set.,40,10,results/MRL1-10r-All-R2,,100,70,0,0.0,0.0,0.0,0.0,0.0,0.0,0.0,0.0,0.5092285266856205,0.5,0.501870538002729,0.5055590657052427,0.0640791040004043,0.0881917103688196,0.0675156775576418,0.0624132551450085,0.4971586971586971,0.96,0.6549714438053051,0.5501747122386658,0.0163397356580103,0.0516397779494322,0.0257032945833352,0.0191857783848593,0.386163537185209,0.32,0.3475703305165979,0.3689569531345846,0.1252042380520095,0.1206464071390257,0.1200250945390466,0.12208561946613,models/5_3_PHM_C01_SS_NoNBD__RF_Model_05-Jul-2023_15-40_0.00_0.00_0.00.mdl,146.3449330329895,12.560259342193604,0.946962594985962,11.693111896514893
4,4,4,SS,PHM C01 SS LBD,data\PHM_Tool_Wear_Data_C01_0p12.csv,RF_Model_PHM_C01_SS_LowNBD.mdl,1.0,-1,-40,0.12,0.9,1000,0.05,800,348,PHM_C01_SS,Separate test set.,40,10,results/MRL1-10r-All-R2,,100,70,0,0.8166666666666667,0.09,0.1535884405449622,0.2770111832611832,0.3374742788552765,0.0906764700582362,0.1382816993293674,0.1979685569421496,0.531169318223094,0.5700000000000001,0.5451453829284972,0.5355741451383651,0.0546077030665374,0.1183215956619923,0.0698297193292091,0.0546742964268885,0.4946638946638947,0.975,0.6562592922985429,0.5487012987012987,0.0143445377629019,0.0485912657903775,0.0235479483830229,0.0171538282270544,0.6473543123543124,0.41,0.4984615963384039,0.5765187324929972,0.0837983369504298,0.0658280588604383,0.0605349403745941,0.0643797591037994,models/5_4_PHM_C01_SS_LowNBD__RF_Model_05-Jul-2023_15-43_0.82_0.09_0.28.mdl,117.61123418807983,13.456709146499634,0.960667371749878,11.884997129440308
5,5,5,SS,PHM C01 SS HBD,data\PHM_Tool_Wear_Data_C01_0p12.csv,RF_Model_PHM_C01_SS_HighNBD.mdl,1.0,-1,-40,0.12,0.9,100,0.1,800,348,PHM_C01_SS,Separate test set.,40,10,results/MRL1-10r-All-R2,,100,70,0,0.8504526632787502,0.97,0.9053034190867428,0.8713760297812023,0.0604574252100494,0.034960294939005,0.0409615761100463,0.0525375023322192,0.5189603722730658,0.495,0.5016351002524599,0.5106685653056621,0.0675397749016195,0.0955975359979998,0.065735021774377,0.0621476968487671,0.5,0.99,0.6644067796610169,0.5549242424242424,0.0085470085470085,0.0210818510677892,0.0116700063162558,0.0095047052109732,0.5202648046398046,0.725,0.6043546154890498,0.5507074440394448,0.0425961561994134,0.0889756521002609,0.0525385768806891,0.0446573919343165,models/5_5_PHM_C01_SS_HighNBD__RF_Model_05-Jul-2023_15-45_0.85_0.97_0.87.mdl,115.74459290504456,21.7774121761322,1.2925662994384766,15.19572401046753
6,6,6,SS,PHM C04 SS NBD,data\PHM_Tool_Wear_Data_C04_0p098.csv,RF_Model_PHM_C04_SS_NoNBD.mdl,1.0,-1,-40,0.098,0.95,0,0.0,800,348,PHM_C04_SS,Separate test set.,40,10,results/MRL1-10r-All-R2,,100,70,0,0.8563307164971252,0.77,0.808434591117518,0.8358235514485515,0.0573071167181612,0.0977525219907678,0.0699522169498734,0.0583441017393209,0.4683288933288933,0.2799999999999999,0.3490143906182151,0.4112083978328173,0.1491058391001557,0.1032795558988644,0.121083689388467,0.1357103075091101,0.4986504723346828,0.965,0.6574907461523475,0.5519879022786,0.0128933069257458,0.0337474278855276,0.0184773540433496,0.0146202024179404,0.3654761904761904,0.095,0.1497578347578347,0.2304292929292929,0.1666789489049606,0.0283823106098773,0.0480206813472673,0.0839606907754066,models/5_6_PHM_C04_SS_NoNBD__RF_Model_05-Jul-2023_15-48_0.86_0.77_0.84.mdl,155.57612109184265,14.624350786209106,1.028292894363403,13.186580657958984
7,7,7,SS,PHM C04 SS LBD,data\PHM_Tool_Wear_Data_C04_0p098.csv,RF_Model_PHM_C04_SS_LowNBD.mdl,1.0,-1,-40,0.098,0.85,1000,0.05,800,348,PHM_C04_SS,Separate test set.,40,10,results/MRL1-10r-All-R2,,100,70,0,0.7984274742970395,0.98,0.8792919188224999,0.8288036641241592,0.0360858382842205,0.0258198889747161,0.0218444499828977,0.0304623374613639,0.5218659526654378,0.61,0.5582313946231513,0.5350292270040058,0.0676709371963463,0.1390443574307613,0.0838346051352759,0.0698795330881188,0.5065470328628223,0.985,0.6689460354568478,0.5610181969193597,0.0110753059950612,0.0241522945769824,0.0129201593062669,0.0115734722187067,0.4707714507714508,0.215,0.2882627207523013,0.3696467457980615,0.1131740382911075,0.0944281031614352,0.1076768702537297,0.1148497109650097,models/5_7_PHM_C04_SS_LowNBD__RF_Model_05-Jul-2023_15-51_0.80_0.98_0.83.mdl,146.2344834804535,14.87111496925354,1.0532684326171875,12.785260915756226
8,8,8,SS,PHM C04 SS HBD,data\PHM_Tool_Wear_Data_C04_0p098.csv,RF_Model_PHM_C04_SS_HighNBD.mdl,1.0,-1,-40,0.098,0.9,100,0.1,800,348,PHM_C04_SS,Separate test set.,40,10,results/MRL1-10r-All-R2,,100,70,0,0.6313146571198001,0.935,0.7529146230596258,0.6748059742545036,0.0345122686747523,0.0411636301174281,0.0279936075028469,0.0319017002186541,0.5074272723843662,0.5,0.4994057239098357,0.5030851696594907,0.1101473124121364,0.1394433377556792,0.118859524406049,0.111806905567993,0.1833333333333333,0.015,0.0273103707886316,0.0543154761904761,0.3374742788552764,0.0241522945769824,0.0440172071673747,0.0883194239626423,0.4634523809523809,0.16,0.2364680504680504,0.3335081585081584,0.1595613653178337,0.0614636297152859,0.0873753511167617,0.1185139681684758,models/5_8_PHM_C04_SS_HighNBD__RF_Model_05-Jul-2023_15-54_0.63_0.93_0.67.mdl,133.60203051567078,13.545784711837769,0.9360294342041016,11.838379383087158
9,9,9,SS,PHM C06 SS NBD,data\PHM_Tool_Wear_Data_C06_0p13.csv,RF_Model_PHM_C06_SS_NoNBD.mdl,1.0,-1,-40,0.13,0.95,0,0.0,800,348,PHM_C06_SS,Separate test set.,40,10,results/MRL1-10r-All-R2,,100,70,0,1.0,0.58,0.733357771260997,0.8726000816993464,0.0,0.0421637021355783,0.034135906106253,0.0195870438062391,0.548362258264807,0.615,0.5775916749686683,0.5592564677942578,0.0573056893665199,0.0883490552046571,0.0604706829564564,0.055988626434519,0.5026334026334026,0.97,0.6621079290863043,0.5562172807812342,0.0171557160778586,0.034960294939005,0.0223043887322752,0.0188266697837863,0.5867368718238284,0.65,0.6148712479733167,0.5972520226455759,0.0802303593870696,0.1080123449734643,0.0871568085893701,0.0813076000948692,models/5_9_PHM_C06_SS_NoNBD__RF_Model_05-Jul-2023_15-57_1.00_0.58_0.87.mdl,155.28117513656616,13.774125337600708,1.0044400691986084,11.446415662765505
10,10,10,SS,PHM C06 SS LBD,data\PHM_Tool_Wear_Data_C06_0p13.csv,RF_Model_PHM_C06_SS_LowNBD.mdl,1.0,-1,-40,0.13,0.95,1000,0.05,800,348,PHM_C06_SS,Separate test set.,40,10,results/MRL1-10r-All-R2,,100,70,0,0.6073115609880315,1.0,0.7553153205983395,0.6589153497048233,0.0293783494837271,0.0,0.0225486303163498,0.0275908024116179,0.5029700889925348,0.475,0.4850869677955686,0.4947638362040535,0.0925460458408103,0.1006920497799547,0.0846422582714052,0.086063392845357,0.9610576923076924,0.725,0.8255283931754519,0.9014724310776944,0.0338023281237811,0.0485912657903775,0.0364626168585825,0.0305082730952204,0.3938769563769563,0.245,0.3005125803987284,0.3494569639596729,0.0877558930242002,0.0598609499868932,0.069041578895065,0.0776478311683211,models/5_10_PHM_C06_SS_LowNBD__RF_Model_05-Jul-2023_16-00_0.61_1.00_0.66.mdl,147.01983952522278,12.90159296989441,0.9560666084289552,11.580015659332275
11,11,11,SS,PHM C06 SS HBD,data\PHM_Tool_Wear_Data_C06_0p13.csv,RF_Model_PHM_C06_SS_HighNBD.mdl,1.0,-1,-40,0.13,0.9,100,0.1,800,348,PHM_C06_SS,Separate test set.,40,10,results/MRL1-10r-All-R2,,100,70,0,0.7500919857576205,0.725,0.7347014295538044,0.743158423701902,0.0627406210218291,0.0889756521002609,0.0637783119268265,0.0587327809643264,0.0,0.0,0.0,0.0,0.0,0.0,0.0,0.0,0.505195681511471,0.98,0.6666277030976037,0.5593727977448907,0.0091366223390553,0.0258198889747161,0.012075144697957,0.0099026230286913,0.1416666666666666,0.03,0.0488015607580824,0.0792297979797979,0.1926504542711077,0.0483045891539647,0.0756496547219515,0.1162199293686361,models/5_11_PHM_C06_SS_HighNBD__RF_Model_05-Jul-2023_16-03_0.75_0.73_0.74.mdl,106.46887874603271,13.141558170318604,0.9556772708892822,11.687877655029297
12,12,12,MS,PHM C01 MS NBD,data\PHM_Tool_Wear_Data_C01_0p12.csv,RF_Model_PHM_C01_MS_NoNBD.mdl,0.5,-1,-40,0.12,0.9,0,0.0,1000,348,PHM_C01_MS,Separate test set.,40,10,results/MRL1-10r-All-R2,,100,70,0,0.8348785581986551,0.8949999999999999,0.8607503128686143,0.8443283666288395,0.0844975439581042,0.0895978670381041,0.0700132043425573,0.0754483512112889,0.4709523809523809,0.135,0.2063821593476765,0.307106782106782,0.2516331138500866,0.052967495273569,0.0828302027471292,0.1344657806514851,0.3943560606060606,0.635,0.4864615384615384,0.4266587075797601,0.0160985591204466,0.0337474278855276,0.0212732647607227,0.0177095307742724,0.5115879917184265,0.595,0.5488544283283365,0.5256261793761794,0.1117164111184006,0.1300640867675111,0.1160922659250463,0.1127351659143377,models/5_12_PHM_C01_MS_NoNBD__RF_Model_05-Jul-2023_16-05_0.83_0.90_0.84.mdl,210.98909258842468,13.363054752349854,1.4917681217193604,11.920108318328856
13,13,13,MS,PHM C04 MS NBD,data\PHM_Tool_Wear_Data_C04_0p098.csv,RF_Model_PHM_C04_MS_NoNBD.mdl,0.5,-1,-40,0.098,0.9,0,0.0,1000,348,PHM_C04_MS,Separate test set.,40,10,results/MRL1-10r-All-R2,,100,70,0,0.7617307692307692,0.43,0.544782946093798,0.6543193390716611,0.1213546910746363,0.0788810637746615,0.0793473853760644,0.0895202579660751,0.4987179487179487,0.995,0.6644067796610169,0.5539772727272727,0.004054202128421,0.0158113883008419,0.0071463901924709,0.0049909685293061,0.1,0.005,0.0095238095238095,0.0208333333333333,0.3162277660168379,0.0158113883008418,0.0301169300968416,0.0658807845868412,0.506686876504988,0.385,0.4355363658691832,0.4748903442002278,0.1007589652706804,0.085146931829632,0.088393932257669,0.0937775552385301,models/5_13_PHM_C04_MS_NoNBD__RF_Model_05-Jul-2023_16-09_0.76_0.43_0.65.mdl,208.70879650115967,21.891144275665283,1.9842422008514404,17.846636295318604
14,14,14,MS,PHM C06 MS NBD,data\PHM_Tool_Wear_Data_C06_0p13.csv,RF_Model_PHM_C06_MS_NoNBD.mdl,0.5,-1,-40,0.13,0.9,0,0.0,1000,348,PHM_C06_MS,Separate test set.,40,10,results/MRL1-10r-All-R2,,100,70,0,0.9809090909090908,0.42,0.5764227567574282,0.753587037962038,0.0403041694985956,0.1251665557034572,0.1362383796662163,0.1150566000008403,0.5274340913121367,0.51,0.5172620068371926,0.522998891205413,0.0438867758998974,0.0774596669241483,0.0566626858777489,0.0475177756825747,0.25,0.015,0.0281385281385281,0.0595238095238095,0.4249182927993987,0.0241522945769824,0.0453226515859723,0.0961841241550858,0.5405581942922096,0.5549999999999999,0.5446072590879588,0.5414092747582253,0.0883408979704127,0.125720147770974,0.1006078268789938,0.0913320092480472,models/5_14_PHM_C06_MS_NoNBD__RF_Model_05-Jul-2023_16-13_0.98_0.42_0.75.mdl,202.981547832489,14.67734146118164,1.4564859867095947,12.212424516677856
0,0,0,SS,Simulated NBD,data\Simulated_Dasic_2006_Tool_Wear_Model_Train.csv,RF_Model_Dasic_NoNBD.mdl,1.0,-1,-40,0.25,0.95,0,0.0,800,121,Dasic,Separate test set.,40,10,results/MRL1-10r-All-R2,data\Simulated_Dasic_2006_Tool_Wear_Model_Test.csv,1,2,1,0.896542913608131,0.96,0.9260481360197752,0.9078664845690708,0.0593796801582875,0.0316227766016838,0.0347413265659684,0.0489234430543223,0.0,0.0,0.0,0.0,0.0,0.0,0.0,0.0,0.5267424663767823,0.8300000000000001,0.644283199491698,0.5681814748184717,0.0161684695397787,0.0483045891539647,0.0254736597985549,0.0189441506406047,0.4203246753246753,0.12,0.1823597785130042,0.2717747326203208,0.2665101677246353,0.0586893895388633,0.0923952737148501,0.1494834172064716,models/6_0_Dasic_NoNBD__RF_Model_05-Jul-2023_16-17_0.90_0.96_0.91.mdl,57.50625324249268,19.167277574539185,0.9853513240814208,12.0071918964386
1,1,1,SS,Simulated LBD,data\Simulated_Dasic_2006_Tool_Wear_Model_Train.csv,RF_Model_Dasic_LowNBD.mdl,0.5,-1,-40,0.25,0.9,1000,0.05,800,121,Dasic,Separate test set.,40,10,results/MRL1-10r-All-R2,data\Simulated_Dasic_2006_Tool_Wear_Model_Test.csv,1,2,1,0.9604260651629072,0.945,0.9520288996412232,0.9568965997770345,0.030704044606809,0.036893239368631,0.0222380712055161,0.0244280298478763,0.4822453934953935,0.445,0.4605155997903109,0.4726291341508732,0.1277325042151721,0.1403368962334725,0.1309091946598278,0.1279460408319807,0.3,0.02,0.0372294372294372,0.0773809523809523,0.4216370213557839,0.0258198889747161,0.0480846536211452,0.1003897669894723,0.4169444444444444,0.1,0.1565259772711046,0.2431814713064713,0.1965775849723977,0.0623609564462323,0.0887133482711666,0.1231020312003152,models/6_1_Dasic_LowNBD__RF_Model_05-Jul-2023_16-18_0.96_0.95_0.96.mdl,47.390756607055664,15.697099447250366,1.345247507095337,17.921351432800293
2,2,2,SS,Simulated HBD,data\Simulated_Dasic_2006_Tool_Wear_Model_Train.csv,RF_Model_Dasic_HighNBD.mdl,0.5,-1,-40,0.25,0.9,100,0.1,800,121,Dasic,Separate test set.,40,10,results/MRL1-10r-All-R2,data\Simulated_Dasic_2006_Tool_Wear_Model_Test.csv,1,2,1,0.9670238095238094,0.6950000000000001,0.80593837535014,0.8941416040100251,0.0348475064020934,0.0761941963377497,0.0563036513552254,0.0352035175947051,0.2833333333333333,0.04,0.0693017127799736,0.1247519841269841,0.3220305943597653,0.0394405318873307,0.0687371349149478,0.1264748562252381,0.35,0.02,0.0376623376623376,0.0803571428571428,0.4743416490252569,0.0258198889747161,0.0486379257390081,0.1040957808696402,0.4063492063492063,0.1399999999999999,0.2033774016532636,0.2849442224442224,0.2179065697601814,0.0658280588604383,0.0893843223703939,0.1256606566728158,models/6_2_Dasic_HighNBD__RF_Model_05-Jul-2023_16-20_0.97_0.70_0.89.mdl,55.42871022224426,13.520286560058594,0.9774925708770752,11.580434560775757
3,3,3,SS,PHM C01 SS NBD,data\PHM_Tool_Wear_Data_C01_0p12.csv,RF_Model_PHM_C01_SS_NoNBD.mdl,1.0,-1,-40,0.12,0.9,0,0.0,800,348,PHM_C01_SS,Separate test set.,40,10,results/MRL1-10r-All-R2,,100,70,1,0.9072727272727272,0.96,0.9322331327209376,0.9169547597995872,0.0381987039999986,0.0316227766016837,0.024348397656235,0.0315908768550404,0.5298764948389729,0.495,0.5068198379866216,0.5188631236403306,0.0942662310914479,0.0864420165325996,0.0654873711556877,0.0744240239815473,0.4987179487179487,0.98,0.6609779855834794,0.5530156213295748,0.0072775155409942,0.0258198889747161,0.0110036350620006,0.0082594770654077,0.5428221454537244,1.0,0.7034357052505873,0.5973572734066211,0.0219979987964329,0.0,0.0185954041587089,0.0213596836831628,models/6_3_PHM_C01_SS_NoNBD__RF_Model_05-Jul-2023_16-21_0.91_0.96_0.92.mdl,157.99643516540527,13.076456785202026,0.9594564437866212,11.91635012626648
4,4,4,SS,PHM C01 SS LBD,data\PHM_Tool_Wear_Data_C01_0p12.csv,RF_Model_PHM_C01_SS_LowNBD.mdl,1.0,-1,-40,0.12,0.9,1000,0.05,800,348,PHM_C01_SS,Separate test set.,40,10,results/MRL1-10r-All-R2,,100,70,1,0.0,0.0,0.0,0.0,0.0,0.0,0.0,0.0,0.5128359848897606,0.54,0.5229782195614956,0.5161775927096391,0.0668935224185618,0.1329160135825126,0.0919174490819004,0.0748464917259586,0.25,0.02,0.0367965367965367,0.0744047619047618,0.4249182927993987,0.034960294939005,0.0639902402558202,0.1280107926643247,0.441525974025974,0.2,0.2737847019910423,0.3536013924800689,0.1238683016664071,0.0666666666666666,0.0838523511154444,0.1019894758741633,models/6_4_PHM_C01_SS_LowNBD__RF_Model_05-Jul-2023_16-24_0.00_0.00_0.00.mdl,102.18211364746094,14.2331223487854,1.013803005218506,12.590020418167114
5,5,5,SS,PHM C01 SS HBD,data\PHM_Tool_Wear_Data_C01_0p12.csv,RF_Model_PHM_C01_SS_HighNBD.mdl,1.0,-1,-40,0.12,0.9,100,0.1,800,348,PHM_C01_SS,Separate test set.,40,10,results/MRL1-10r-All-R2,,100,70,1,0.7192746795687972,0.495,0.579650444126625,0.6531827190258255,0.0843063320100916,0.1012422836565829,0.0779518936051027,0.0681068933275791,0.0,0.0,0.0,0.0,0.0,0.0,0.0,0.0,0.3,0.015,0.0285714285714285,0.0624999999999999,0.4830458915396479,0.0241522945769823,0.0460043706228236,0.1006345607374266,0.4887713499782465,0.65,0.5564850753184968,0.5134991140631598,0.0669675740639789,0.1247219128924647,0.0867107459313438,0.0731076536506272,models/6_5_PHM_C01_SS_HighNBD__RF_Model_05-Jul-2023_16-27_0.72_0.49_0.65.mdl,103.64813303947447,13.481101274490356,0.9774246215820312,11.624870538711548
6,6,6,SS,PHM C04 SS NBD,data\PHM_Tool_Wear_Data_C04_0p098.csv,RF_Model_PHM_C04_SS_NoNBD.mdl,1.0,-1,-40,0.098,0.95,0,0.0,800,348,PHM_C04_SS,Separate test set.,40,10,results/MRL1-10r-All-R2,,100,70,1,0.7333011803011803,0.98,0.838186093123651,0.7718287424940651,0.0379098033759691,0.0258198889747161,0.0256514438970892,0.0335030564089705,0.4963370759675107,0.5900000000000001,0.5381491135535625,0.5120707518802624,0.045338609962632,0.0699205898780101,0.052348234356648,0.0471367258246404,0.275,0.025,0.044047619047619,0.0833333333333333,0.4479893351905204,0.0485912657903775,0.082488155467261,0.1456678955791877,0.5729742479742479,0.285,0.3736555427192082,0.4675800716096768,0.1579350588635941,0.1081408546500555,0.1191428368642215,0.1306489850598109,models/6_6_PHM_C04_SS_NoNBD__RF_Model_05-Jul-2023_16-29_0.73_0.98_0.77.mdl,190.1754393577576,18.29940390586853,1.0209996700286863,12.468234300613403
7,7,7,SS,PHM C04 SS LBD,data\PHM_Tool_Wear_Data_C04_0p098.csv,RF_Model_PHM_C04_SS_LowNBD.mdl,1.0,-1,-40,0.098,0.85,1000,0.05,800,348,PHM_C04_SS,Separate test set.,40,10,results/MRL1-10r-All-R2,,100,70,1,0.5,0.995,0.6655367231638418,0.555239898989899,0.0060436477024491,0.0158113883008419,0.0083374552245493,0.0067290727926428,0.4859786879786879,0.61,0.5402875023527198,0.5062121024857398,0.0602494120214688,0.0875595035770912,0.0695134399306022,0.0631915903757223,0.4974358974358974,0.96,0.6551898448634736,0.5504379341588643,0.0149564424044395,0.0394405318873307,0.0203028907239575,0.0164984537768068,0.4977034923281053,0.41,0.4463717271715836,0.4747499752569412,0.0870128774506116,0.1048808848170151,0.0915598930982641,0.0863897958806139,models/6_7_PHM_C04_SS_LowNBD__RF_Model_05-Jul-2023_16-32_0.50_0.99_0.56.mdl,152.80800580978394,14.071845531463625,0.9945368766784668,11.489634037017822
8,8,8,SS,PHM C04 SS HBD,data\PHM_Tool_Wear_Data_C04_0p098.csv,RF_Model_PHM_C04_SS_HighNBD.mdl,1.0,-1,-40,0.098,0.9,100,0.1,800,348,PHM_C04_SS,Separate test set.,40,10,results/MRL1-10r-All-R2,,100,70,1,0.5,1.0,0.6666666666666666,0.5555555555555556,0.0,0.0,0.0,0.0,0.5036942918192918,0.76,0.6043840083752202,0.539459406974528,0.0496486924267889,0.0809663853432741,0.0515524404521496,0.0493960379870047,0.3,0.02,0.0372294372294372,0.0773809523809523,0.4830458915396479,0.034960294939005,0.064410256985656,0.1310124922160252,0.3533333333333333,0.065,0.105631093544137,0.1759920634920634,0.2155670100049382,0.0474341649025256,0.0696786626052587,0.1068167251309441,models/6_8_PHM_C04_SS_HighNBD__RF_Model_05-Jul-2023_16-35_0.50_1.00_0.56.mdl,153.33649611473083,13.000685214996338,0.9569568634033204,11.778635263442991
9,9,9,SS,PHM C06 SS NBD,data\PHM_Tool_Wear_Data_C06_0p13.csv,RF_Model_PHM_C06_SS_NoNBD.mdl,1.0,-1,-40,0.13,0.95,0,0.0,800,348,PHM_C06_SS,Separate test set.,40,10,results/MRL1-10r-All-R2,,100,70,1,0.9789148351648352,0.6799999999999999,0.8008148714031067,0.898248992579488,0.0341233201757967,0.0674948557710553,0.0507016077594455,0.0361458562867413,0.5454226475279107,0.48,0.5080661997855987,0.5291025606099977,0.108991123643887,0.0918936583472681,0.0903267030169861,0.0984733052314849,0.5066145092460881,0.985,0.6690044808104422,0.5610842645726366,0.0140933454311849,0.0241522945769824,0.0159131719124583,0.0147014094183569,0.5354686802257135,0.525,0.5280568783195884,0.531974593996708,0.0777726090393244,0.0424918292799399,0.0505677830842265,0.0657076584543454,models/6_9_PHM_C06_SS_NoNBD__RF_Model_05-Jul-2023_16-38_0.98_0.68_0.90.mdl,152.75792717933655,17.73854374885559,4.821109294891357,39.2409451007843
10,10,10,SS,PHM C06 SS LBD,data\PHM_Tool_Wear_Data_C06_0p13.csv,RF_Model_PHM_C06_SS_LowNBD.mdl,1.0,-1,-40,0.13,0.95,1000,0.05,800,348,PHM_C06_SS,Separate test set.,40,10,results/MRL1-10r-All-R2,,100,70,1,0.0,0.0,0.0,0.0,0.0,0.0,0.0,0.0,0.5364515045784396,0.58,0.5548078911687243,0.5430879537129536,0.087917761710759,0.1251665557034572,0.0949402616975104,0.08793889170855,0.955686274509804,0.6849999999999999,0.7965223779929662,0.8843743159145637,0.0570405154465607,0.0337474278855276,0.0259419501006529,0.0374713322398124,0.5113095238095238,0.25,0.3293179810385692,0.4138992328620811,0.0989158445006302,0.1054092553389459,0.1147963991336102,0.1125528400955356,models/6_10_PHM_C06_SS_LowNBD__RF_Model_05-Jul-2023_16-42_0.00_0.00_0.00.mdl,476.3031358718872,38.99386262893677,4.045168399810791,38.685412645339966
11,11,11,SS,PHM C06 SS HBD,data\PHM_Tool_Wear_Data_C06_0p13.csv,RF_Model_PHM_C06_SS_HighNBD.mdl,1.0,-1,-40,0.13,0.9,100,0.1,800,348,PHM_C06_SS,Separate test set.,40,10,results/MRL1-10r-All-R2,,100,70,1,0.69208582094789,0.95,0.8003054144877193,0.7315857648044555,0.0336704250008028,0.0333333333333333,0.0277893414506209,0.031260256188108,0.4979266387089062,0.4549999999999999,0.4700691713849608,0.4850644460682823,0.1065325999040046,0.1116791037850063,0.0890546679296212,0.0947154957352909,0.1592297195558064,0.18,0.168922880862756,0.1629589280451349,0.0250178984853689,0.034960294939005,0.0294489967825118,0.0266783059260941,0.3873989898989899,0.1699999999999999,0.2340309898666405,0.3052103227654698,0.2315866443092068,0.1085254706406647,0.1449757874230894,0.184782845338301,models/6_11_PHM_C06_SS_HighNBD__RF_Model_05-Jul-2023_16-51_0.69_0.95_0.73.mdl,402.1315150260925,40.35254192352295,4.289200305938721,38.80745029449463
12,12,12,MS,PHM C01 MS NBD,data\PHM_Tool_Wear_Data_C01_0p12.csv,RF_Model_PHM_C01_MS_NoNBD.mdl,0.5,-1,-40,0.12,0.9,0,0.0,1000,348,PHM_C01_MS,Separate test set.,40,10,results/MRL1-10r-All-R2,,100,70,1,1.0,0.49,0.6493483527966287,0.8168081918081918,0.0,0.1242756792153816,0.111793582360039,0.0729587538389702,0.6714285714285715,0.1149999999999999,0.1868589542502585,0.3084190115440115,0.2679203335221843,0.0625832778517286,0.0917925444032521,0.1256637332644117,0.4959459459459459,0.97,0.6562592922985429,0.5496482683982683,0.0165508481772348,0.0483045891539648,0.0252907893844364,0.0192558073337322,0.4807350200539055,0.505,0.4898838334374417,0.4837756396180309,0.0996110955391912,0.1640629960309962,0.1245737321463616,0.1078437697524863,models/6_12_PHM_C01_MS_NoNBD__RF_Model_05-Jul-2023_17-00_1.00_0.49_0.82.mdl,709.7166450023651,44.1440658569336,6.917853355407715,39.97315859794617
13,13,13,MS,PHM C04 MS NBD,data\PHM_Tool_Wear_Data_C04_0p098.csv,RF_Model_PHM_C04_MS_NoNBD.mdl,0.5,-1,-40,0.098,0.9,0,0.0,1000,348,PHM_C04_MS,Separate test set.,40,10,results/MRL1-10r-All-R2,,100,70,1,0.3166666666666666,0.04,0.069339356295878,0.1254960317460317,0.4335469558917038,0.0658280588604383,0.1108613508858967,0.1897648305867175,0.5024096624096624,0.945,0.6557813081132777,0.5542348317057619,0.0214414789342894,0.0643341968853959,0.0321027568189626,0.0245757900437406,0.3333333333333333,0.025,0.0459250894033502,0.0930059523809523,0.408248290463863,0.0263523138347364,0.0484651231928766,0.0991598353259116,0.5007151558530869,0.635,0.5579789409612099,0.5217933767639426,0.0777978402343939,0.1001387925719986,0.0815184212741598,0.0781862217561503,models/6_13_PHM_C04_MS_NoNBD__RF_Model_05-Jul-2023_17-13_0.32_0.04_0.13.mdl,693.5164241790771,42.76894521713257,5.048970937728882,38.093888998031616
14,14,14,MS,PHM C06 MS NBD,data\PHM_Tool_Wear_Data_C06_0p13.csv,RF_Model_PHM_C06_MS_NoNBD.mdl,0.5,-1,-40,0.13,0.9,0,0.0,1000,348,PHM_C06_MS,Separate test set.,40,10,results/MRL1-10r-All-R2,,100,70,1,1.0,0.265,0.4096638305333958,0.6192661505161505,0.0,0.1001387925719986,0.1309053711045541,0.1384178957271211,0.4848755725163047,0.5599999999999999,0.5184343007371096,0.4975030221562827,0.0807878129231114,0.107496769977314,0.0891012898500647,0.0831471652363511,0.5012820512820513,0.99,0.6655172413793103,0.5561795278365046,0.0072775155409941,0.0210818510677892,0.009916145397812,0.0079894514025379,0.5497931643519879,0.475,0.5049994263264481,0.5294519386079488,0.1018328447349857,0.0824957911384305,0.0724601303939178,0.0834218458135549,models/6_14_PHM_C06_MS_NoNBD__RF_Model_05-Jul-2023_17-26_1.00_0.27_0.62.mdl,706.5673823356628,43.37706756591797,9.743905067443848,26.53786444664001
0,0,0,SS,Simulated NBD,data\Simulated_Dasic_2006_Tool_Wear_Model_Train.csv,RF_Model_Dasic_NoNBD.mdl,1.0,-1,-40,0.25,0.95,0,0.0,800,121,Dasic,Separate test set.,40,10,results/MRL1-10r-All-R2,data\Simulated_Dasic_2006_Tool_Wear_Model_Test.csv,1,2,2,0.9791176470588236,0.665,0.7880376069346657,0.8908058917346844,0.0341375808843942,0.0973253421377095,0.0713741072519404,0.0433867434395032,0.0,0.0,0.0,0.0,0.0,0.0,0.0,0.0,0.4945906432748537,0.965,0.6538566975592107,0.5479679810011631,0.0142555116359321,0.052967495273569,0.0242505182542691,0.0172340827075805,0.6693223443223444,0.43,0.518478835978836,0.5967436974789916,0.0867215633714971,0.1085254706406646,0.1044743948341035,0.0949758036423258,models/7_0_Dasic_NoNBD__RF_Model_05-Jul-2023_17-39_0.98_0.66_0.89.mdl,146.4669806957245,29.499690294265747,2.116748571395874,43.57500696182251
1,1,1,SS,Simulated LBD,data\Simulated_Dasic_2006_Tool_Wear_Model_Train.csv,RF_Model_Dasic_LowNBD.mdl,0.5,-1,-40,0.25,0.9,1000,0.05,800,121,Dasic,Separate test set.,40,10,results/MRL1-10r-All-R2,data\Simulated_Dasic_2006_Tool_Wear_Model_Test.csv,1,2,2,0.8286682882335057,1.0,0.9057027008493136,0.8577417000665054,0.0454454280097202,0.0,0.0270677561260836,0.0389077767080232,0.3782323232323232,0.1399999999999999,0.2015679181363274,0.2774914321789322,0.1911931475042528,0.0809663853432741,0.1106073846207751,0.1455545461493167,0.5,0.98,0.6621274108708357,0.5542855884425651,0.0104679048836888,0.0258198889747161,0.0143031771788483,0.0116421890740942,0.6331043303102126,0.4599999999999999,0.5301750289315205,0.5864335062521645,0.0646675588223202,0.0699205898780101,0.0589303507495559,0.0565460776817728,models/7_1_Dasic_LowNBD__RF_Model_05-Jul-2023_17-43_0.83_1.00_0.86.mdl,203.1379690170288,34.353965282440186,4.464035749435425,45.36577343940735
2,2,2,SS,Simulated HBD,data\Simulated_Dasic_2006_Tool_Wear_Model_Train.csv,RF_Model_Dasic_HighNBD.mdl,0.5,-1,-40,0.25,0.9,100,0.1,800,121,Dasic,Separate test set.,40,10,results/MRL1-10r-All-R2,data\Simulated_Dasic_2006_Tool_Wear_Model_Test.csv,1,2,2,0.8544306418219462,0.985,0.9144238757398144,0.8773249021093849,0.0347290892051822,0.0241522945769824,0.0174405621168352,0.0275204598553021,0.4112623499910027,0.6,0.4870315470828067,0.438413664068906,0.0524578331413241,0.1178511301977579,0.0736522117851924,0.0592509317896898,0.5040619740619741,0.97,0.6631556948798327,0.5575430383569918,0.0089118958843052,0.034960294939005,0.0108215507432391,0.0087936313923556,0.643419080919081,0.235,0.3343150354684909,0.4602342102342102,0.1821261839028771,0.105540934659917,0.1205528599426974,0.1344343850352611,models/7_2_Dasic_HighNBD__RF_Model_05-Jul-2023_17-48_0.85_0.98_0.88.mdl,222.55393433570865,36.0338237285614,5.927494287490845,45.07526206970215
3,3,3,SS,PHM C01 SS NBD,data\PHM_Tool_Wear_Data_C01_0p12.csv,RF_Model_PHM_C01_SS_NoNBD.mdl,1.0,-1,-40,0.12,0.9,0,0.0,800,348,PHM_C01_SS,Separate test set.,40,10,results/MRL1-10r-All-R2,,100,70,2,0.0,0.0,0.0,0.0,0.0,0.0,0.0,0.0,0.5862621280396216,0.625,0.6029176298428769,0.592323817486861,0.0826466397665844,0.1230401921686116,0.0954090526182921,0.0856312164670185,0.3666666666666666,0.035,0.0625258799171842,0.1197916666666666,0.4288946459026396,0.0411636301174282,0.0723407546359514,0.1345906072452382,0.3275,0.08,0.1234572354182548,0.1887893356643356,0.1603454026411364,0.053748384988657,0.0746258072035055,0.0976699937293977,models/7_3_PHM_C01_SS_NoNBD__RF_Model_05-Jul-2023_17-53_0.00_0.00_0.00.mdl,693.0646507740021,34.32810592651367,5.1559131145477295,40.98603653907776
4,4,4,SS,PHM C01 SS LBD,data\PHM_Tool_Wear_Data_C01_0p12.csv,RF_Model_PHM_C01_SS_LowNBD.mdl,1.0,-1,-40,0.12,0.9,1000,0.05,800,348,PHM_C01_SS,Separate test set.,40,10,results/MRL1-10r-All-R2,,100,70,2,0.0,0.0,0.0,0.0,0.0,0.0,0.0,0.0,0.5421156233799255,0.5900000000000001,0.5634040028627603,0.5500749129403552,0.0585627086586767,0.0809663853432741,0.0628797491739966,0.0586663881213277,0.5025641025641026,0.99,0.6666666666666666,0.5574494949494949,0.0101129568941873,0.0210818510677892,0.0130474637105,0.0110554928758953,0.6053144078144078,0.35,0.4392376861925543,0.5234277482922993,0.1713634581119112,0.1201850425154663,0.1365408483740015,0.152664066042158,models/7_4_PHM_C01_SS_LowNBD__RF_Model_05-Jul-2023_18-06_0.00_0.00_0.00.mdl,529.1407330036163,42.84365248680115,5.199711561203003,49.36101317405701
5,5,5,SS,PHM C01 SS HBD,data\PHM_Tool_Wear_Data_C01_0p12.csv,RF_Model_PHM_C01_SS_HighNBD.mdl,1.0,-1,-40,0.12,0.9,100,0.1,800,348,PHM_C01_SS,Separate test set.,40,10,results/MRL1-10r-All-R2,,100,70,2,0.8680128205128206,0.625,0.7233479532163744,0.8024479356960177,0.0814997713220476,0.1136515141415487,0.0935893242190078,0.0814954959192359,0.5211213797567718,0.6799999999999999,0.5880295418372039,0.5456220886605136,0.0559363465382372,0.1251665557034572,0.0791445106916453,0.0631223939441525,0.4987179487179487,0.99,0.6632573543736606,0.5536542753112521,0.004054202128421,0.0210818510677892,0.0076492023828155,0.0049819868415797,0.5474458874458874,0.27,0.3554905346639953,0.4456705430147767,0.1130031741845244,0.1183215956619923,0.1267811522140008,0.1224644619295069,models/7_5_PHM_C01_SS_HighNBD__RF_Model_05-Jul-2023_18-17_0.87_0.62_0.80.mdl,260.3252053260803,17.82026481628418,1.902874231338501,17.419271230697632
6,6,6,SS,PHM C04 SS NBD,data\PHM_Tool_Wear_Data_C04_0p098.csv,RF_Model_PHM_C04_SS_NoNBD.mdl,1.0,-1,-40,0.098,0.95,0,0.0,800,348,PHM_C04_SS,Separate test set.,40,10,results/MRL1-10r-All-R2,,100,70,2,0.5,1.0,0.6666666666666666,0.5555555555555556,0.0,0.0,0.0,0.0,0.5681223358908781,0.545,0.5539732974800294,0.5617827864566995,0.0935085260976935,0.0926462807312486,0.0854636466618477,0.0883249198073157,0.3,0.025,0.0458874458874458,0.0922619047619047,0.4216370213557839,0.0353553390593273,0.0646361566714893,0.1289300920340057,0.5974257903911686,0.845,0.6987749416614768,0.6340410201341772,0.0469120980339452,0.0955975359979998,0.058856139181443,0.0499100051206981,models/7_6_PHM_C04_SS_NoNBD__RF_Model_05-Jul-2023_18-22_0.50_1.00_0.56.mdl,240.8548698425293,17.830317974090576,1.4985792636871338,17.633789777755737
7,7,7,SS,PHM C04 SS LBD,data\PHM_Tool_Wear_Data_C04_0p098.csv,RF_Model_PHM_C04_SS_LowNBD.mdl,1.0,-1,-40,0.098,0.85,1000,0.05,800,348,PHM_C04_SS,Separate test set.,40,10,results/MRL1-10r-All-R2,,100,70,2,0.7125240918501788,0.8,0.7516665749094026,0.7272304461322452,0.0517073342150414,0.0881917103688196,0.054177678826684,0.0484409376685721,0.5561774167861124,0.665,0.6026051411751364,0.5732678107632767,0.0583603700162202,0.085146931829632,0.0511978550225819,0.0521715202752959,0.4666666666666667,0.04,0.0717203086768304,0.1393849206349206,0.4430533786083752,0.0394405318873307,0.0683624692895725,0.1258885182561245,0.5715295815295816,0.275,0.3649243212396716,0.4615351254138018,0.090016796431667,0.0716860438920218,0.0694743235122304,0.0668374152597134,models/7_7_PHM_C04_SS_LowNBD__RF_Model_05-Jul-2023_18-27_0.71_0.80_0.73.mdl,276.04347801208496,17.70618224143982,2.004208564758301,18.513267993927
8,8,8,SS,PHM C04 SS HBD,data\PHM_Tool_Wear_Data_C04_0p098.csv,RF_Model_PHM_C04_SS_HighNBD.mdl,1.0,-1,-40,0.098,0.9,100,0.1,800,348,PHM_C04_SS,Separate test set.,40,10,results/MRL1-10r-All-R2,,100,70,2,0.5979126878023937,0.995,0.7468362874023252,0.6497223438012911,0.014903277064278,0.0158113883008419,0.0129197712919176,0.0142989340903236,0.5209373576736006,0.835,0.6408263395709968,0.5629732370275133,0.0315768506966365,0.0944281031614352,0.0498147427308922,0.037053657625352,0.3205665024630542,0.4549999999999999,0.3761054421768707,0.3406862745098039,0.0218847904909232,0.0283823106098773,0.024563728213437,0.0228668929510902,0.5174603396827436,0.82,0.6332142478836655,0.5581190048213901,0.0355856537698334,0.0674948557710552,0.0366239530439146,0.0350029331180083,models/7_8_PHM_C04_SS_HighNBD__RF_Model_05-Jul-2023_18-32_0.60_0.99_0.65.mdl,242.03540635108948,17.386954069137573,2.017076015472412,19.72722959518433
9,9,9,SS,PHM C06 SS NBD,data\PHM_Tool_Wear_Data_C06_0p13.csv,RF_Model_PHM_C06_SS_NoNBD.mdl,1.0,-1,-40,0.13,0.95,0,0.0,800,348,PHM_C06_SS,Separate test set.,40,10,results/MRL1-10r-All-R2,,100,70,2,1.0,0.8949999999999999,0.9439508334245176,0.9766263175230566,0.0,0.0497214463005876,0.0271196335294433,0.0114713949453763,0.4869317232475126,0.4549999999999999,0.465339629727347,0.4764837528823261,0.1054094998535656,0.142302494707577,0.1185629727730823,0.1077699960344758,0.35,0.02,0.0376623376623376,0.0803571428571428,0.4743416490252569,0.0258198889747161,0.0486379257390081,0.1040957808696402,0.2761904761904762,0.08,0.1205915485480702,0.1778166278166278,0.1963086855571991,0.0586893895388633,0.0819091935421716,0.1150147578395344,models/7_9_PHM_C06_SS_NoNBD__RF_Model_05-Jul-2023_18-37_1.00_0.89_0.98.mdl,393.23711109161377,26.760793209075928,2.124639749526977,19.02672576904297
10,10,10,SS,PHM C06 SS LBD,data\PHM_Tool_Wear_Data_C06_0p13.csv,RF_Model_PHM_C06_SS_LowNBD.mdl,1.0,-1,-40,0.13,0.95,1000,0.05,800,348,PHM_C06_SS,Separate test set.,40,10,results/MRL1-10r-All-R2,,100,70,2,0.0,0.0,0.0,0.0,0.0,0.0,0.0,0.0,0.5503312748146845,0.585,0.5636443007261484,0.5547777017149388,0.1047040479372079,0.0747217059048662,0.0779059384778886,0.0922419536787733,0.5,0.045,0.0814982119329945,0.159970238095238,0.5270462766947299,0.0550252467307305,0.0976897791892829,0.1843093378322344,0.3533333333333333,0.035,0.0615008469791078,0.1154265873015872,0.3767797273778978,0.0241522945769823,0.0427289079214772,0.0843798616773951,models/7_10_PHM_C06_SS_LowNBD__RF_Model_05-Jul-2023_18-44_0.00_0.00_0.00.mdl,177.04184794425964,17.619974374771118,1.5045583248138428,16.821907997131348
11,11,11,SS,PHM C06 SS HBD,data\PHM_Tool_Wear_Data_C06_0p13.csv,RF_Model_PHM_C06_SS_HighNBD.mdl,1.0,-1,-40,0.13,0.9,100,0.1,800,348,PHM_C06_SS,Separate test set.,40,10,results/MRL1-10r-All-R2,,100,70,2,0.7095661375661375,0.985,0.8243971631205673,0.7513561958874458,0.0255098503998948,0.0337474278855276,0.0204930588531963,0.0230370626574478,0.0,0.0,0.0,0.0,0.0,0.0,0.0,0.0,0.6,0.035,0.0658008658008657,0.1398809523809523,0.5163977794943222,0.0337474278855276,0.0624604637271863,0.1286243889552614,0.5214571700441265,0.615,0.5635326946552975,0.5373506203247582,0.0857848260849658,0.1106797181058932,0.0935092642661039,0.0880673168504435,models/7_11_PHM_C06_SS_HighNBD__RF_Model_05-Jul-2023_18-48_0.71_0.99_0.75.mdl,209.84910655021667,17.893553733825684,1.753814458847046,17.506702661514282
12,12,12,MS,PHM C01 MS NBD,data\PHM_Tool_Wear_Data_C01_0p12.csv,RF_Model_PHM_C01_MS_NoNBD.mdl,0.5,-1,-40,0.12,0.9,0,0.0,1000,348,PHM_C01_MS,Separate test set.,40,10,results/MRL1-10r-All-R2,,100,70,2,0.633279329366286,0.885,0.7362758571356931,0.6705010069002773,0.0451084671400488,0.0668746754924629,0.037852302933382,0.0407897821651661,0.4334126984126983,0.125,0.1901152372531682,0.2822059884559884,0.1581977181081107,0.0540061724867321,0.0712523685941553,0.0946048710582022,0.25,0.025,0.0454545454545454,0.0892857142857142,0.4249182927993987,0.0424918292799398,0.0772578714180724,0.1517565331426424,0.466087801087801,0.215,0.292861428523275,0.3760340354090353,0.1557253721646213,0.0625832778517286,0.0870194936145352,0.1173848677507356,models/7_12_PHM_C01_MS_NoNBD__RF_Model_05-Jul-2023_18-52_0.63_0.89_0.67.mdl,386.3341856002808,19.082993030548096,3.245866298675537,20.435537099838257
13,13,13,MS,PHM C04 MS NBD,data\PHM_Tool_Wear_Data_C04_0p098.csv,RF_Model_PHM_C04_MS_NoNBD.mdl,0.5,-1,-40,0.098,0.9,0,0.0,1000,348,PHM_C04_MS,Separate test set.,40,10,results/MRL1-10r-All-R2,,100,70,2,0.8704725829725829,0.39,0.530622645909566,0.6865155129957762,0.1407749676393845,0.0875595035770913,0.0925966331846704,0.0964888562748413,0.4610847975553858,0.41,0.4309663530263091,0.4476637858073785,0.0589104308917652,0.107496769977314,0.0821856023075702,0.0671821307092424,0.15,0.01,0.0186147186147186,0.0386904761904761,0.3374742788552765,0.0210818510677892,0.0392565353418967,0.0818677818880069,0.4215681222801965,0.345,0.375741448780498,0.4007280687307861,0.1121960845556965,0.1499073788117924,0.1325777789923417,0.1205919870920079,models/7_13_PHM_C04_MS_NoNBD__RF_Model_05-Jul-2023_18-59_0.87_0.39_0.69.mdl,670.3442385196686,39.48943710327149,2.2505249977111816,17.88113784790039
14,14,14,MS,PHM C06 MS NBD,data\PHM_Tool_Wear_Data_C06_0p13.csv,RF_Model_PHM_C06_MS_NoNBD.mdl,0.5,-1,-40,0.13,0.9,0,0.0,1000,348,PHM_C06_MS,Separate test set.,40,10,results/MRL1-10r-All-R2,,100,70,2,0.9260241719065248,0.625,0.7435892749744742,0.842135167464115,0.0636036120235741,0.0889756521002609,0.0751508327369082,0.0643376844894299,0.4938001730506474,0.8300000000000001,0.6184454445527965,0.5370114657448225,0.0390034455385255,0.0674948557710553,0.0431278033143433,0.040039650880165,0.2,0.01,0.019047619047619,0.0416666666666666,0.4216370213557839,0.0210818510677892,0.0401559067957889,0.0878410461157882,0.4974529569892473,0.69,0.5767305814390213,0.526184127838744,0.038734489227693,0.0994428926011752,0.0565164111816574,0.0437577961796614,models/7_14_PHM_C06_MS_NoNBD__RF_Model_05-Jul-2023_19-11_0.93_0.62_0.84.mdl,350.6094648838043,18.89779257774353,2.843118190765381,18.785043478012085
0,0,0,SS,Simulated NBD,data\Simulated_Dasic_2006_Tool_Wear_Model_Train.csv,RF_Model_Dasic_NoNBD.mdl,1.0,-1,-40,0.25,0.95,0,0.0,800,121,Dasic,Separate test set.,40,10,results/MRL1-10r-All-R2,data\Simulated_Dasic_2006_Tool_Wear_Model_Test.csv,1,2,3,0.7843192910149432,0.95,0.8583152331847554,0.8121625117340843,0.0484460545047962,0.0408248290463862,0.0356029799409458,0.0429120531909432,0.5202271423443519,0.47,0.4908073015279982,0.5071750946421998,0.0880292825517431,0.0948683298050513,0.0821245916526057,0.0824967081827269,0.5028470778470778,0.975,0.6633373688458434,0.5567092968007602,0.0137234155449848,0.0263523138347365,0.0142140867671563,0.0137983079974076,0.4666666666666666,0.075,0.1251921991052425,0.2135642135642135,0.2581988897471611,0.0424918292799398,0.065363209956936,0.0988101789670902,models/8_0_Dasic_NoNBD__RF_Model_05-Jul-2023_19-18_0.78_0.95_0.81.mdl,93.70125889778136,17.728601217269897,1.84820818901062,17.917675018310547
1,1,1,SS,Simulated LBD,data\Simulated_Dasic_2006_Tool_Wear_Model_Train.csv,RF_Model_Dasic_LowNBD.mdl,0.5,-1,-40,0.25,0.9,1000,0.05,800,121,Dasic,Separate test set.,40,10,results/MRL1-10r-All-R2,data\Simulated_Dasic_2006_Tool_Wear_Model_Test.csv,1,2,3,0.6521522230087302,1.0,0.7892612139195301,0.7008268219568528,0.0221291193031085,0.0,0.0163101474030707,0.0204891772683644,0.5157274683590473,1.0,0.6804228572600408,0.5710048994932715,0.0123687424745789,0.0,0.0107193967590403,0.0121123630496185,0.4933818433818433,0.965,0.6528499800055368,0.5468000184569952,0.0143874855073522,0.0474341649025256,0.0231120597280627,0.0170327425816313,0.5181926406926407,0.205,0.2914358956249946,0.3930876415251415,0.1759523592810269,0.0926462807312486,0.1224269314113566,0.1505743649468615,models/8_1_Dasic_LowNBD__RF_Model_05-Jul-2023_19-20_0.65_1.00_0.70.mdl,87.46982049942017,17.69623613357544,1.7245399951934814,18.73386073112488
2,2,2,SS,Simulated HBD,data\Simulated_Dasic_2006_Tool_Wear_Model_Train.csv,RF_Model_Dasic_HighNBD.mdl,0.5,-1,-40,0.25,0.9,100,0.1,800,121,Dasic,Separate test set.,40,10,results/MRL1-10r-All-R2,data\Simulated_Dasic_2006_Tool_Wear_Model_Test.csv,1,2,3,0.8602362130623,0.94,0.8977341726150574,0.8747228713176989,0.0549515695734007,0.045946829173634,0.0443836305122989,0.0499726264941074,0.05,0.005,0.009090909090909,0.0178571428571428,0.1581138830084189,0.0158113883008419,0.0287479787288034,0.0564692439315781,0.885,0.21,0.3382307692307692,0.5356060606060605,0.1287283482932993,0.0316227766016837,0.0462317244190281,0.0678975242699835,0.5463888888888888,0.265,0.3519702711082021,0.444076674959028,0.18673193756605,0.0914391114956346,0.1114301158397736,0.1385200305346399,models/8_2_Dasic_HighNBD__RF_Model_05-Jul-2023_19-22_0.86_0.94_0.87.mdl,129.26699686050415,37.82186245918274,2.7921509742736816,34.90282201766968
3,3,3,SS,PHM C01 SS NBD,data\PHM_Tool_Wear_Data_C01_0p12.csv,RF_Model_PHM_C01_SS_NoNBD.mdl,1.0,-1,-40,0.12,0.9,0,0.0,800,348,PHM_C01_SS,Separate test set.,40,10,results/MRL1-10r-All-R2,,100,70,3,0.990909090909091,0.49,0.6523987691952098,0.8185286935286935,0.0287479787288034,0.0774596669241483,0.0677423440352223,0.0441906954228925,0.4899470899470899,0.52,0.503232393386164,0.4949172782732566,0.0780119761236744,0.1135292424395093,0.0912550958414614,0.082439955973952,0.4948717948717949,0.975,0.6564776933567115,0.5489194268264035,0.0066204843524913,0.0263523138347365,0.0112388304518723,0.0079333428739286,0.6304264930614372,0.7150000000000001,0.6658261305380027,0.6432392497362256,0.0733860620495943,0.105540934659917,0.0662651116951773,0.06581471081898,models/8_3_PHM_C01_SS_NoNBD__RF_Model_05-Jul-2023_19-26_0.99_0.49_0.82.mdl,501.83030676841736,40.669800758361816,2.943281888961792,37.149428844451904
4,4,4,SS,PHM C01 SS LBD,data\PHM_Tool_Wear_Data_C01_0p12.csv,RF_Model_PHM_C01_SS_LowNBD.mdl,1.0,-1,-40,0.12,0.9,1000,0.05,800,348,PHM_C01_SS,Separate test set.,40,10,results/MRL1-10r-All-R2,,100,70,3,0.9677777777777776,0.505,0.660905046010719,0.8145906279178338,0.0519707631219586,0.089597867038104,0.0851110482312611,0.0698047361546758,0.4571477052359405,0.3299999999999999,0.3812611984748207,0.4226681755151266,0.1442674218363623,0.1273664878302853,0.1326583170460793,0.1380803610616844,0.5038461538461538,0.99,0.6677966101694915,0.5587121212121212,0.0105547769531867,0.0210818510677892,0.0135278983021227,0.0115261480956474,0.5822679513468987,0.63,0.6034075708295723,0.5901574956938405,0.0522140814038872,0.075277265270908,0.0519483793958368,0.049332536520133,models/8_4_PHM_C01_SS_LowNBD__RF_Model_05-Jul-2023_19-36_0.97_0.51_0.81.mdl,275.33156871795654,35.00125527381897,3.3530707359313965,31.45665407180786
5,5,5,SS,PHM C01 SS HBD,data\PHM_Tool_Wear_Data_C01_0p12.csv,RF_Model_PHM_C01_SS_HighNBD.mdl,1.0,-1,-40,0.12,0.9,100,0.1,800,348,PHM_C01_SS,Separate test set.,40,10,results/MRL1-10r-All-R2,,100,70,3,0.8437438457804591,0.885,0.8628962869235132,0.8510800773300773,0.0526000318402755,0.0709068246206088,0.0535576404048294,0.0509430471020883,0.1,0.005,0.0095238095238095,0.0208333333333333,0.3162277660168379,0.0158113883008418,0.0301169300968416,0.0658807845868412,0.2,0.01,0.019047619047619,0.0416666666666666,0.4216370213557839,0.0210818510677892,0.0401559067957889,0.0878410461157883,0.4294444444444444,0.09,0.1450974058425332,0.2351686507936508,0.2541568000513575,0.0658280588604383,0.0984854817286509,0.1479576679754402,models/8_5_PHM_C01_SS_HighNBD__RF_Model_05-Jul-2023_19-41_0.84_0.89_0.85.mdl,143.37300848960876,13.41755723953247,0.941059112548828,11.588491678237917
6,6,6,SS,PHM C04 SS NBD,data\PHM_Tool_Wear_Data_C04_0p098.csv,RF_Model_PHM_C04_SS_NoNBD.mdl,1.0,-1,-40,0.098,0.95,0,0.0,800,348,PHM_C04_SS,Separate test set.,40,10,results/MRL1-10r-All-R2,,100,70,3,0.6434139784946236,1.0,0.7829260935143288,0.6927820677820676,0.0153255934073058,0.0,0.011330146118312,0.0142068725913377,0.5658427003964761,0.6,0.5743666870171428,0.5671071207666601,0.0593480508348392,0.1471960144387974,0.0862364361752476,0.0615524461482802,0.4973665973665973,0.975,0.6586381207255426,0.5513618326118326,0.0101931060476538,0.0353553390593273,0.0162414209616155,0.0119440403049547,0.5786414628575445,0.8949999999999999,0.7023762110044963,0.622440899003399,0.0373095664892908,0.0864420165325996,0.0525533883191951,0.0421028906257575,models/8_6_PHM_C04_SS_NoNBD__RF_Model_05-Jul-2023_19-44_0.64_1.00_0.69.mdl,147.1567964553833,13.211426496505736,0.9953689575195312,11.537369966506958
7,7,7,SS,PHM C04 SS LBD,data\PHM_Tool_Wear_Data_C04_0p098.csv,RF_Model_PHM_C04_SS_LowNBD.mdl,1.0,-1,-40,0.098,0.85,1000,0.05,800,348,PHM_C04_SS,Separate test set.,40,10,results/MRL1-10r-All-R2,,100,70,3,0.7159931734931735,0.41,0.5184995831177045,0.6196554735254426,0.1522271544326783,0.0843274042711568,0.0998610432209179,0.1208272973416203,0.5179523837464342,0.6100000000000001,0.5586113630967795,0.5331609838414274,0.0381996280361594,0.0737864787372621,0.04566966040574,0.0386782878966527,0.0783333333333333,0.015,0.0250289855072463,0.0420138888888888,0.1300640867675111,0.0241522945769824,0.0403338566938397,0.0680502407221729,0.6073611111111111,0.245,0.3355569577848438,0.4459301115551116,0.2040779915769717,0.1039497741967511,0.1089772380715212,0.116442137138803,models/8_7_PHM_C04_SS_LowNBD__RF_Model_05-Jul-2023_19-47_0.72_0.41_0.62.mdl,132.3761820793152,13.128497838974,0.9898903369903564,11.659114837646484
8,8,8,SS,PHM C04 SS HBD,data\PHM_Tool_Wear_Data_C04_0p098.csv,RF_Model_PHM_C04_SS_HighNBD.mdl,1.0,-1,-40,0.098,0.9,100,0.1,800,348,PHM_C04_SS,Separate test set.,40,10,results/MRL1-10r-All-R2,,100,70,3,0.6607949224688354,0.7849999999999999,0.7168126301291114,0.6819768143322092,0.0347924031493644,0.0474341649025256,0.0316491624955145,0.0321263045928651,0.5273449653998853,0.5650000000000001,0.5403834370119989,0.5312198939583808,0.0891345932972737,0.12703892666773,0.086265932598779,0.0814556890248322,0.5002136752136752,0.97,0.6599280565528374,0.5538159530643931,0.0139735530405271,0.0258198889747161,0.0153403705507377,0.0143670152978214,0.5579761904761905,0.115,0.1804774484774484,0.2838841713841714,0.3082013108294262,0.0709068246206088,0.1021221747510547,0.1416187669680269,models/8_8_PHM_C04_SS_HighNBD__RF_Model_05-Jul-2023_19-50_0.66_0.78_0.68.mdl,118.23442125320436,12.868191719055176,0.9774134159088136,11.612040758132936
9,9,9,SS,PHM C06 SS NBD,data\PHM_Tool_Wear_Data_C06_0p13.csv,RF_Model_PHM_C06_SS_NoNBD.mdl,1.0,-1,-40,0.13,0.95,0,0.0,800,348,PHM_C06_SS,Separate test set.,40,10,results/MRL1-10r-All-R2,,100,70,3,0.9295471298567276,0.955,0.9404577185064992,0.933474974099974,0.0481262995451975,0.0643341968853959,0.0407178482676581,0.0407453834620064,0.4688919568563531,0.355,0.4008088576992751,0.437895254792507,0.0555232098920461,0.0724568837309471,0.0579001712227311,0.0523310357485717,0.9349030679465462,0.975,0.9539702347189586,0.942314306064306,0.045866611041968,0.0263523138347365,0.029922760818917,0.0390085845171982,0.3688492063492063,0.13,0.1904533142464176,0.266462703962704,0.1951928556654425,0.0823272602348564,0.1147826755893595,0.1511334308398552,models/8_9_PHM_C06_SS_NoNBD__RF_Model_05-Jul-2023_19-52_0.93_0.95_0.93.mdl,161.83017444610596,15.13613247871399,1.0464801788330078,13.337109327316284
10,10,10,SS,PHM C06 SS LBD,data\PHM_Tool_Wear_Data_C06_0p13.csv,RF_Model_PHM_C06_SS_LowNBD.mdl,1.0,-1,-40,0.13,0.95,1000,0.05,800,348,PHM_C06_SS,Separate test set.,40,10,results/MRL1-10r-All-R2,,100,70,3,0.0,0.0,0.0,0.0,0.0,0.0,0.0,0.0,0.5119765515249386,0.7,0.5906439813051338,0.5406733667318344,0.0472432734652457,0.0707106781186548,0.0525240242572483,0.0486086232671522,0.4,0.02,0.038095238095238,0.0833333333333333,0.5163977794943222,0.0258198889747161,0.0491807409042211,0.1075828707279837,0.2620238095238095,0.095,0.1360931013431013,0.1879630581836464,0.1492616939739793,0.0724568837309471,0.0950748287534569,0.1187184807052939,models/8_10_PHM_C06_SS_LowNBD__RF_Model_05-Jul-2023_19-55_0.00_0.00_0.00.mdl,115.69149827957152,13.053137063980104,0.943044900894165,11.541310787200928
11,11,11,SS,PHM C06 SS HBD,data\PHM_Tool_Wear_Data_C06_0p13.csv,RF_Model_PHM_C06_SS_HighNBD.mdl,1.0,-1,-40,0.13,0.9,100,0.1,800,348,PHM_C06_SS,Separate test set.,40,10,results/MRL1-10r-All-R2,,100,70,3,0.7088311688311688,0.49,0.5764104243848076,0.6478323566268613,0.0914146247386232,0.0994428926011753,0.094992099648424,0.0907753974061479,0.1,0.005,0.0095238095238095,0.0208333333333333,0.3162277660168379,0.0158113883008418,0.0301169300968416,0.0658807845868412,0.9801587301587302,0.96,0.9693360982192818,0.9756445094760312,0.0257172249936819,0.045946829173634,0.0273852082098611,0.0231845981222618,0.3372222222222222,0.1149999999999999,0.1702629784009094,0.2409715284715284,0.2495819550035108,0.1001387925719986,0.1415378040497664,0.1897024822970607,models/8_11_PHM_C06_SS_HighNBD__RF_Model_05-Jul-2023_19-58_0.71_0.49_0.65.mdl,143.01143503189087,13.4424147605896,0.9296534061431884,11.574902057647703
12,12,12,MS,PHM C01 MS NBD,data\PHM_Tool_Wear_Data_C01_0p12.csv,RF_Model_PHM_C01_MS_NoNBD.mdl,0.5,-1,-40,0.12,0.9,0,0.0,1000,348,PHM_C01_MS,Separate test set.,40,10,results/MRL1-10r-All-R2,,100,70,3,0.8469747229035155,0.825,0.8330441772354481,0.8406535756985531,0.0396717637581134,0.1006920497799547,0.0589193733611387,0.0415825528231648,0.4975803018665921,0.78,0.6059297432743603,0.5356824001159687,0.0570017079896461,0.0888194172964948,0.0579469260642546,0.0563093746388066,0.1333333333333333,0.01,0.0182194616977225,0.0364583333333333,0.3220305943597653,0.0210818510677892,0.0384595655086114,0.077835110317569,0.4947467458059059,0.5650000000000001,0.5252147895070038,0.5059802856013924,0.0695516829258657,0.12703892666773,0.0913927403974189,0.076392222353662,models/8_12_PHM_C01_MS_NoNBD__RF_Model_05-Jul-2023_20-01_0.85_0.82_0.84.mdl,206.90513586997983,14.30366349220276,1.5046398639678955,12.0861177444458
13,13,13,MS,PHM C04 MS NBD,data\PHM_Tool_Wear_Data_C04_0p098.csv,RF_Model_PHM_C04_MS_NoNBD.mdl,0.5,-1,-40,0.098,0.9,0,0.0,1000,348,PHM_C04_MS,Separate test set.,40,10,results/MRL1-10r-All-R2,,100,70,3,0.5278427128427128,0.22,0.3053753830625354,0.4043453176725236,0.2003431918613686,0.1085254706406647,0.1345661676266603,0.1602325523241781,0.5,1.0,0.6666666666666666,0.5555555555555556,0.0,0.0,0.0,0.0,0.35,0.025,0.0463203463203463,0.0952380952380952,0.4743416490252569,0.0353553390593273,0.0649847493103655,0.1314624505831543,0.4703684210526315,0.4549999999999999,0.4593482367166577,0.4651425707600745,0.0342139923102716,0.0797565740933693,0.0458926876097144,0.0342728912410498,models/8_13_PHM_C04_MS_NoNBD__RF_Model_05-Jul-2023_20-05_0.53_0.22_0.40.mdl,206.10470128059387,14.041680812835692,1.5399072170257568,12.523278713226318
14,14,14,MS,PHM C06 MS NBD,data\PHM_Tool_Wear_Data_C06_0p13.csv,RF_Model_PHM_C06_MS_NoNBD.mdl,0.5,-1,-40,0.13,0.9,0,0.0,1000,348,PHM_C06_MS,Separate test set.,40,10,results/MRL1-10r-All-R2,,100,70,3,0.1,0.01,0.0181818181818181,0.0357142857142857,0.2108185106778919,0.0210818510677892,0.0383306383050712,0.0752923252421042,0.5056764595557699,0.6900000000000001,0.582425076650063,0.5336323995498642,0.067645511114834,0.1125462867742275,0.0797982513659961,0.0711576735049617,0.499863223547434,0.98,0.6619500240958913,0.5541293331991006,0.012329032547727,0.0421637021355783,0.0197360306601444,0.0145100567350753,0.4898062410668204,0.6799999999999999,0.56627509606414,0.5172864849478974,0.0774054701215996,0.1316561177208766,0.0854046997458797,0.0782661479314149,models/8_14_PHM_C06_MS_NoNBD__RF_Model_05-Jul-2023_20-08_0.10_0.01_0.04.mdl,204.49874258041385,13.884336709976196,1.5049903392791748,12.371248483657835
0,0,0,SS,Simulated NBD,data\Simulated_Dasic_2006_Tool_Wear_Model_Train.csv,RF_Model_Dasic_NoNBD.mdl,1.0,-1,-40,0.25,0.95,0,0.0,800,121,Dasic,Separate test set.,40,10,results/MRL1-10r-All-R2,data\Simulated_Dasic_2006_Tool_Wear_Model_Test.csv,1,2,4,0.5768525592055004,1.0,0.7315082541497635,0.6301265593627596,0.0176096658988329,0.0,0.0141630476032537,0.016811576595888,0.5467426546467026,0.63,0.5837004591623342,0.5606310611483025,0.0891385898612805,0.1316561177208766,0.1018195503267914,0.0926789995946158,0.2,0.01,0.019047619047619,0.0416666666666666,0.4216370213557839,0.0210818510677892,0.0401559067957889,0.0878410461157882,0.2664285714285714,0.06,0.0958452867583302,0.1523358585858585,0.1978800787679049,0.045946829173634,0.0699981143847683,0.1071393750962614,models/9_0_Dasic_NoNBD__RF_Model_05-Jul-2023_20-12_0.58_1.00_0.63.mdl,50.67716836929321,12.936281442642212,0.9744272232055664,11.437952280044556
1,1,1,SS,Simulated LBD,data\Simulated_Dasic_2006_Tool_Wear_Model_Train.csv,RF_Model_Dasic_LowNBD.mdl,0.5,-1,-40,0.25,0.9,1000,0.05,800,121,Dasic,Separate test set.,40,10,results/MRL1-10r-All-R2,data\Simulated_Dasic_2006_Tool_Wear_Model_Test.csv,1,2,4,0.7123700054734537,1.0,0.8318497611810681,0.7557653743315508,0.0223347269298844,0.0,0.0151951271625393,0.02009566094632,0.4626298701298701,0.16,0.2344372352403498,0.329712475024975,0.1952078247971048,0.0658280588604383,0.0923153119038975,0.1288472404270928,0.45,0.035,0.0645021645021644,0.1309523809523809,0.4972144630058766,0.0411636301174282,0.0752148497481819,0.1499296467247028,0.502536182353116,0.515,0.5071951738939827,0.5039863146113146,0.0672604005286012,0.102875329080073,0.0826618124921171,0.0724616029793918,models/9_1_Dasic_LowNBD__RF_Model_05-Jul-2023_20-14_0.71_1.00_0.76.mdl,51.770588397979736,15.424152851104736,1.0123538970947266,11.872281551361084
2,2,2,SS,Simulated HBD,data\Simulated_Dasic_2006_Tool_Wear_Model_Train.csv,RF_Model_Dasic_HighNBD.mdl,0.5,-1,-40,0.25,0.9,100,0.1,800,121,Dasic,Separate test set.,40,10,results/MRL1-10r-All-R2,data\Simulated_Dasic_2006_Tool_Wear_Model_Test.csv,1,2,4,0.7093356454034986,0.99,0.8258402186036301,0.7516606089527698,0.043255313325705,0.0210818510677892,0.0318635026532235,0.0395430604788876,0.5583333333333333,0.055,0.0981978166760775,0.1882440476190476,0.3809709816887486,0.0437797517885456,0.0742556798516412,0.1306763602870889,0.0276190476190476,0.02,0.0231932773109243,0.0256578947368421,0.0475555131709815,0.034960294939005,0.0402800730862393,0.0443449033424012,0.4999603174603175,0.15,0.226778437399127,0.3327630702630703,0.1365105576324378,0.0577350269189625,0.0760130331712328,0.0957611335479159,models/9_2_Dasic_HighNBD__RF_Model_05-Jul-2023_20-15_0.71_0.99_0.75.mdl,47.82760000228882,13.364338159561155,0.9874184131622314,11.717859029769896
3,3,3,SS,PHM C01 SS NBD,data\PHM_Tool_Wear_Data_C01_0p12.csv,RF_Model_PHM_C01_SS_NoNBD.mdl,1.0,-1,-40,0.12,0.9,0,0.0,800,348,PHM_C01_SS,Separate test set.,40,10,results/MRL1-10r-All-R2,,100,70,4,0.0,0.0,0.0,0.0,0.0,0.0,0.0,0.0,0.4914568764568764,0.3299999999999999,0.3860045733836056,0.4402573529411764,0.1291028592390661,0.1735255344642716,0.1427480627296509,0.1307231827594265,0.4987179487179487,0.98,0.6609779855834794,0.5530156213295748,0.0143824802500636,0.034960294939005,0.0196294595651669,0.0160002548965587,0.125,0.01,0.0178571428571428,0.0347222222222222,0.3173238794109962,0.0210818510677892,0.037750590457223,0.0750085728982391,models/9_3_PHM_C01_SS_NoNBD__RF_Model_05-Jul-2023_20-16_0.00_0.00_0.00.mdl,155.82450604438782,13.092281103134155,0.8962295055389404,11.514590978622437
4,4,4,SS,PHM C01 SS LBD,data\PHM_Tool_Wear_Data_C01_0p12.csv,RF_Model_PHM_C01_SS_LowNBD.mdl,1.0,-1,-40,0.12,0.9,1000,0.05,800,348,PHM_C01_SS,Separate test set.,40,10,results/MRL1-10r-All-R2,,100,70,4,0.8166666666666667,0.12,0.2070205157161679,0.3685515873015873,0.3374742788552764,0.0674948557710552,0.1122692732583158,0.185841706379951,0.4651898540056434,0.465,0.4618090935253406,0.4630475411295888,0.0745575202218847,0.1225878369895552,0.091460436547027,0.0791836552136963,0.5,0.97,0.659748582443836,0.5536091815161582,0.010659853505787,0.034960294939005,0.0154970940684885,0.0119335398177247,0.5752323115481011,0.37,0.4434898434898435,0.5108134920634921,0.0696024834294593,0.1085254706406647,0.0967485633042664,0.0821191171421902,models/9_4_PHM_C01_SS_LowNBD__RF_Model_05-Jul-2023_20-19_0.82_0.12_0.37.mdl,115.21371173858644,13.062984466552734,0.9762721061706544,11.68870997428894
5,5,5,SS,PHM C01 SS HBD,data\PHM_Tool_Wear_Data_C01_0p12.csv,RF_Model_PHM_C01_SS_HighNBD.mdl,1.0,-1,-40,0.12,0.9,100,0.1,800,348,PHM_C01_SS,Separate test set.,40,10,results/MRL1-10r-All-R2,,100,70,4,0.9157142857142856,0.195,0.313041181041181,0.5012085137085137,0.1193762659398445,0.0761941963377497,0.1038161471262937,0.116800138660963,0.5191765777110373,0.55,0.5313775977770515,0.5234000318633003,0.077172271651951,0.1027402333828162,0.07720775289196,0.0744692301465924,0.9566666666666668,0.42,0.582459405218026,0.7600961538461538,0.0560349685060431,0.0421637021355783,0.044079984012454,0.0430311521502434,0.3896428571428571,0.11,0.1697541717541717,0.2543900543900543,0.2387069193032645,0.0809663853432741,0.1185234120383217,0.1668046172699001,models/9_5_PHM_C01_SS_HighNBD__RF_Model_05-Jul-2023_20-22_0.92_0.20_0.50.mdl,126.73795437812804,12.870611667633057,0.948244571685791,11.383487224578856
6,6,6,SS,PHM C04 SS NBD,data\PHM_Tool_Wear_Data_C04_0p098.csv,RF_Model_PHM_C04_SS_NoNBD.mdl,1.0,-1,-40,0.098,0.95,0,0.0,800,348,PHM_C04_SS,Separate test set.,40,10,results/MRL1-10r-All-R2,,100,70,4,0.8775294296346928,0.8699999999999999,0.8712462206172089,0.8743143812709031,0.0553832719062977,0.0788810637746615,0.0505198011116225,0.0469006203585643,0.3528571428571428,0.08,0.1275539339887165,0.201663961038961,0.2221479467707774,0.0586893895388633,0.0889838794412945,0.1314423415256584,0.3333333333333333,0.02,0.0372670807453416,0.0781249999999999,0.4714045207910317,0.0258198889747161,0.0481709547732647,0.101973438580475,0.5294191885751952,0.775,0.6285990009751855,0.5650143375327199,0.0402814859377602,0.067700320038633,0.0470675378699803,0.0422214427051543,models/9_6_PHM_C04_SS_NoNBD__RF_Model_05-Jul-2023_20-24_0.88_0.87_0.87.mdl,146.2661304473877,13.065418481826782,0.918459177017212,11.289093732833862
7,7,7,SS,PHM C04 SS LBD,data\PHM_Tool_Wear_Data_C04_0p098.csv,RF_Model_PHM_C04_SS_LowNBD.mdl,1.0,-1,-40,0.098,0.85,1000,0.05,800,348,PHM_C04_SS,Separate test set.,40,10,results/MRL1-10r-All-R2,,100,70,4,0.8336863136863137,0.4349999999999999,0.5630173200301121,0.6927448062558357,0.0919685616465931,0.1131616346451196,0.1136043399321276,0.0992996986749559,0.5146343818159675,0.53,0.5205592704261242,0.5166079642981817,0.0610566561967448,0.0918936583472681,0.0708557599207307,0.0633755791995514,0.2583333333333333,0.02,0.0360766045548654,0.0711805555555555,0.4090979236211192,0.0258198889747161,0.0467038622296461,0.0941883612887673,0.1509523809523809,0.03,0.0488572908572908,0.0799152236652236,0.2000887935923438,0.034960294939005,0.0577119476382499,0.0969379737423852,models/9_7_PHM_C04_SS_LowNBD__RF_Model_05-Jul-2023_20-27_0.83_0.44_0.69.mdl,136.23543739318848,13.12632656097412,0.9876666069030762,11.48305058479309
8,8,8,SS,PHM C04 SS HBD,data\PHM_Tool_Wear_Data_C04_0p098.csv,RF_Model_PHM_C04_SS_HighNBD.mdl,1.0,-1,-40,0.098,0.9,100,0.1,800,348,PHM_C04_SS,Separate test set.,40,10,results/MRL1-10r-All-R2,,100,70,4,0.7082456064149427,0.8400000000000001,0.7665227425085868,0.7300656583714147,0.0678050305448571,0.0966091783079295,0.068348389964541,0.0654724216550017,0.5232701070858965,0.575,0.5451858981127274,0.5312111690991002,0.0569388976751301,0.1034139470499238,0.0711378759313298,0.0600928668886992,0.5106010869168764,0.985,0.6724548073866724,0.5649864508876137,0.0151007836741248,0.0241522945769824,0.0165006807432534,0.0155962884740213,0.319047619047619,0.0849999999999999,0.1328836863619472,0.2024936868686868,0.1788234553080337,0.0474341649025256,0.0733044113838162,0.1111247857316389,models/9_8_PHM_C04_SS_HighNBD__RF_Model_05-Jul-2023_20-30_0.71_0.84_0.73.mdl,256.28928685188293,34.60920310020447,4.052191257476807,36.699337005615234
9,9,9,SS,PHM C06 SS NBD,data\PHM_Tool_Wear_Data_C06_0p13.csv,RF_Model_PHM_C06_SS_NoNBD.mdl,1.0,-1,-40,0.13,0.95,0,0.0,800,348,PHM_C06_SS,Separate test set.,40,10,results/MRL1-10r-All-R2,,100,70,4,0.8318242988895163,0.98,0.8991760650013628,0.8573831979004393,0.0318979945543104,0.034960294939005,0.0215605913794652,0.0265219970101284,0.4773440377468511,0.5549999999999999,0.511408487673356,0.4900216798442257,0.0941573893500617,0.1461544084559583,0.1150167442265323,0.10149184029821,0.15,0.01,0.0186147186147186,0.0386904761904761,0.3374742788552765,0.0210818510677892,0.0392565353418967,0.0818677818880069,0.5573260073260073,0.21,0.2993827428610037,0.4094187062937062,0.1673534346157404,0.107496769977314,0.1286035908567344,0.148303580164943,models/9_9_PHM_C06_SS_NoNBD__RF_Model_05-Jul-2023_20-35_0.83_0.98_0.86.mdl,518.8510701656342,35.539959192276,4.501781225204468,40.00233221054077
10,10,10,SS,PHM C06 SS LBD,data\PHM_Tool_Wear_Data_C06_0p13.csv,RF_Model_PHM_C06_SS_LowNBD.mdl,1.0,-1,-40,0.13,0.95,1000,0.05,800,348,PHM_C06_SS,Separate test set.,40,10,results/MRL1-10r-All-R2,,100,70,4,0.942625558995528,0.795,0.8611101558469979,0.907799854131376,0.0476151424730223,0.0598609499868933,0.0413527365442902,0.0394775188482969,0.4620391888812941,0.425,0.4398620926926447,0.4520122318715668,0.0889873904293742,0.1111805338677194,0.0967943354804502,0.0906996492408316,0.5014899514899515,0.985,0.6645257210823668,0.5560515873015872,0.0159122526822671,0.0241522945769824,0.0177798749559785,0.0165963817825476,0.4800766055410018,0.385,0.4230873406570001,0.4538990303492592,0.0782599701618931,0.0818195847242238,0.0680480469967592,0.0668468869667944,models/9_10_PHM_C06_SS_LowNBD__RF_Model_05-Jul-2023_20-46_0.94_0.80_0.91.mdl,425.3369472026825,28.919331073760983,1.7902493476867676,34.547139167785645
11,11,11,SS,PHM C06 SS HBD,data\PHM_Tool_Wear_Data_C06_0p13.csv,RF_Model_PHM_C06_SS_HighNBD.mdl,1.0,-1,-40,0.13,0.9,100,0.1,800,348,PHM_C06_SS,Separate test set.,40,10,results/MRL1-10r-All-R2,,100,70,4,0.7604834368530021,0.8699999999999999,0.8109091645733733,0.7797505894488652,0.0348148251283386,0.053748384988657,0.0363673399860219,0.0337737831299197,0.5129542026600851,0.425,0.4609879787511365,0.4893822254755758,0.1588228971525485,0.1736055554666638,0.1681594759442266,0.1635905800625962,0.4987179487179487,0.97,0.6586986167932982,0.5523769673478975,0.0156006863853739,0.034960294939005,0.020888747345857,0.0172771678143481,0.4342927170868347,0.36,0.3904293604939228,0.4144247638326585,0.0865119552464446,0.1220200347848208,0.1059057765700559,0.0941853827627753,models/9_11_PHM_C06_SS_HighNBD__RF_Model_05-Jul-2023_20-54_0.76_0.87_0.78.mdl,531.3576059341431,25.958383321762085,3.3457729816436768,38.88803672790527
12,12,12,MS,PHM C01 MS NBD,data\PHM_Tool_Wear_Data_C01_0p12.csv,RF_Model_PHM_C01_MS_NoNBD.mdl,0.5,-1,-40,0.12,0.9,0,0.0,1000,348,PHM_C01_MS,Separate test set.,40,10,results/MRL1-10r-All-R2,,100,70,4,0.9502696078431372,0.75,0.837698286521816,0.9015749601275918,0.0576184256787781,0.052704627669473,0.0500062259409485,0.0522474910211655,0.0,0.0,0.0,0.0,0.0,0.0,0.0,0.0,0.4974358974358974,0.98,0.659867523865186,0.5517603359173127,0.008108404256842,0.0258198889747161,0.012154735868153,0.0092682931772411,0.5966810966810967,0.2799999999999999,0.3781154177775423,0.4825788488472312,0.1028617307490289,0.071492035298424,0.0798009013579159,0.0866831298728632,models/9_12_PHM_C01_MS_NoNBD__RF_Model_05-Jul-2023_21-04_0.95_0.75_0.90.mdl,487.9626863002777,23.94365406036377,6.657138109207153,33.695229053497314
13,13,13,MS,PHM C04 MS NBD,data\PHM_Tool_Wear_Data_C04_0p098.csv,RF_Model_PHM_C04_MS_NoNBD.mdl,0.5,-1,-40,0.098,0.9,0,0.0,1000,348,PHM_C04_MS,Separate test set.,40,10,results/MRL1-10r-All-R2,,100,70,4,0.8067676767676767,0.255,0.3735884568430876,0.5350401334776335,0.1619742455625437,0.1342675604074855,0.1622011053466471,0.1768303024796783,0.5452059903348772,0.4549999999999999,0.4896291589211915,0.5192129153526212,0.1082808255346146,0.1342675604074855,0.1199130196479251,0.1119573382620268,0.3,0.02,0.0372294372294372,0.0773809523809523,0.4830458915396479,0.034960294939005,0.0644102569856561,0.1310124922160252,0.4405952380952381,0.185,0.2544269293924466,0.3367673992673992,0.1421415609735909,0.0944281031614353,0.1021199209904353,0.1131704957726258,models/9_13_PHM_C04_MS_NoNBD__RF_Model_05-Jul-2023_21-13_0.81_0.26_0.54.mdl,464.7160820960999,21.077957153320312,3.226925849914551,22.494070053100582
14,14,14,MS,PHM C06 MS NBD,data\PHM_Tool_Wear_Data_C06_0p13.csv,RF_Model_PHM_C06_MS_NoNBD.mdl,0.5,-1,-40,0.13,0.9,0,0.0,1000,348,PHM_C06_MS,Separate test set.,40,10,results/MRL1-10r-All-R2,,100,70,4,0.933857370699476,0.865,0.8961826671711138,0.91791018964932,0.0519398248904964,0.0529674952735689,0.0277672411483932,0.0367422004396799,0.5,1.0,0.6666666666666666,0.5555555555555556,0.0,0.0,0.0,0.0,0.4242036124794744,0.615,0.502,0.4522249809014514,0.0217699630438178,0.0337474278855276,0.0255640841933721,0.023006529286911,0.5496356653322597,0.415,0.4683739561138941,0.512122801238934,0.1271666210507643,0.149164338901763,0.1393874333943811,0.1313119895732328,models/9_14_PHM_C06_MS_NoNBD__RF_Model_05-Jul-2023_21-22_0.93_0.86_0.92.mdl,503.6359348297119,21.251054763793945,3.917805194854736,22.18704867362976
