Round,expt_n,environment,environment_info,data_file,Model_name,environment.1,R1,R2,R3,wear_threshold,threshold_factor,add_noise,breakdown_chance,episodes,milling_operations_max,version_prefix,test_info,test_cases,test_rounds,results_folder,test_file,train_sample_rate,test_sample_rate,RF_Pr,RF_Rc,RF_F1,RF_F05,RF_Pr_sd,RF_Rc_sd,RF_F1_sd,RF_F05_sd,A2C_Pr,A2C_Rc,A2C_F1,A2C_F05,A2C_Pr_sd,A2C_Rc_sd,A2C_F1_sd,A2C_F05_sd,DQN_Pr,DQN_Rc,DQN_F1,DQN_F05,DQN_Pr_sd,DQN_Rc_sd,DQN_F1_sd,DQN_F05_sd,PPO_Pr,PPO_Rc,PPO_F1,PPO_F05,PPO_Pr_sd,PPO_Rc_sd,PPO_F1_sd,PPO_F05_sd,model_file,RF_time,A2C_time,DQN_time,PPO_time
0,0,SS,Simulated NBD,data\Simulated_Dasic_2006_Tool_Wear_Model_Train.csv,RF_Model_Dasic_NoNBD.mdl,SS,1,-1,-100,3,1,0,0,800,121,Dasic,Separate test set.,40,10,results/MultiRound,data\Simulated_Dasic_2006_Tool_Wear_Model_Test.csv,1,2,1,0.77,0.868217733,0.942119586,0,0.075277265,0.048086815,0.022769648,0.520252345,0.695,0.593376342,0.546946371,0.090746712,0.13426756,0.10247528,0.094021583,0.505264982,0.98,0.666565083,0.55939372,0.009203267,0.034960295,0.012270365,0.009629559,0.438015873,0.105,0.165062114,0.257368326,0.242103952,0.049721446,0.072139936,0.112022502,models/0_0_Dasic_NoNBD__RF_Model_28-Jun-2023_12-16.mdl,49.70576191,13.45518899,1.0104599,12.96018028
0,1,SS,Simulated LBD,data\Simulated_Dasic_2006_Tool_Wear_Model_Train.csv,RF_Model_Dasic_LowNBD.mdl,SS,1,-1,-100,3,1,1000,0.05,800,121,Dasic,Separate test set.,40,10,results/MultiRound,data\Simulated_Dasic_2006_Tool_Wear_Model_Test.csv,1,2,1,0.635,0.775398605,0.895567273,0,0.05797509,0.042642692,0.022539314,0.568743756,0.29,0.378766311,0.470392628,0.148425605,0.117378779,0.128154851,0.135486511,0.506477733,0.99,0.670095461,0.561296101,0.012576298,0.021081851,0.015168348,0.013472046,0.175,0.025,0.043511199,0.078621032,0.19424593,0.026352314,0.045899616,0.083404902,models/0_1_Dasic_LowNBD__RF_Model_28-Jun-2023_12-17.mdl,49.0077939,13.39702415,1.01928544,11.67935848
0,2,SS,Simulated HBD,data\Simulated_Dasic_2006_Tool_Wear_Model_Train.csv,RF_Model_Dasic_HighNBD.mdl,SS,1,-1,-100,3,1,100,0.1,800,121,Dasic,Separate test set.,40,10,results/MultiRound,data\Simulated_Dasic_2006_Tool_Wear_Model_Test.csv,1,2,0.955133668,0.91,0.930509803,0.944723881,0.042034856,0.056764621,0.032594217,0.032411121,0.484089907,0.525,0.501111561,0.490244927,0.06088484,0.116069902,0.078017223,0.065343004,0.35,0.03,0.054225485,0.10639881,0.388491861,0.025819889,0.04676814,0.093528624,0.422896825,0.15,0.219041233,0.305824037,0.19031556,0.08819171,0.118818688,0.151717273,models/0_2_Dasic_HighNBD__RF_Model_28-Jun-2023_12-18.mdl,48.78949952,12.95399094,0.972429991,11.3696506
0,3,SS,PHM C01 SS NBD,data\PHM_Tool_Wear_Data_C01_0p12.csv,RF_Model_PHM_C01_SS_NoNBD.mdl,SS,1,-2,-40,0.12,0.95,0,0,800,348,PHM_C01_SS,Separate test set.,40,10,results/MultiRound,,100,70,0.992857143,0.57,0.72035149,0.860302564,0.022587698,0.085634884,0.068236431,0.03895646,0.546543362,0.43,0.475526008,0.513566206,0.097189948,0.088819417,0.076350092,0.080070483,0.225,0.03,0.052602108,0.096478175,0.20805537,0.025819889,0.04532336,0.08381689,0.516873543,0.375,0.432575315,0.478660283,0.083112425,0.082495791,0.079150171,0.078769113,models/0_3_PHM_C01_SS_NoNBD__RF_Model_28-Jun-2023_12-20.mdl,148.2855339,14.40983224,1.086107492,14.10984898
0,4,SS,PHM C01 SS LBD,data\PHM_Tool_Wear_Data_C01_0p12.csv,RF_Model_PHM_C01_SS_LowNBD.mdl,SS,1,-1,-100,0.12,0.9,1000,0.05,800,348,PHM_C01_SS,Separate test set.,40,10,results/MultiRound,,100,70,0.909306723,0.675,0.772606647,0.848398909,0.046504112,0.058925565,0.038628947,0.033871438,0,0,0,0,0,0,0,0,0.769343305,0.98,0.861702782,0.80375533,0.028035231,0.025819889,0.022296038,0.025550406,0.599606227,0.425,0.495863243,0.552715749,0.139465574,0.106066017,0.117632727,0.128710615,models/0_4_PHM_C01_SS_LowNBD__RF_Model_28-Jun-2023_12-23.mdl,159.4974172,13.48565626,1.104962587,12.73389053
0,5,SS,PHM C01 SS HBD,data\PHM_Tool_Wear_Data_C01_0p12.csv,RF_Model_PHM_C01_SS_HighNBD.mdl,SS,1,-1,-40,0.12,0.85,100,0.1,800,348,PHM_C01_SS,Separate test set.,40,10,results/MultiRound,,100,70,0.939416972,0.675,0.782741658,0.868715694,0.06055419,0.085796918,0.06463409,0.054273352,0.506589327,0.795,0.617986823,0.545841764,0.049597155,0.09846037,0.062370075,0.053339868,0.266666667,0.025,0.045096932,0.087797619,0.438853726,0.042491829,0.076038411,0.14587888,0.413882506,0.16,0.225996023,0.305941801,0.149761735,0.073786479,0.096347895,0.120821255,models/0_5_PHM_C01_SS_HighNBD__RF_Model_28-Jun-2023_12-26.mdl,67.66081882,18.41488051,1.264644861,11.72379613
0,6,SS,PHM C04 SS NBD,data\PHM_Tool_Wear_Data_C04_0p098.csv,RF_Model_PHM_C04_SS_NoNBD.mdl,SS,1,-1,-40,0.098,0.95,0,0,800,348,PHM_C04_SS,Separate test set.,40,10,results/MultiRound,,100,70,0.5,1,0.666666667,0.555555556,0,0,0,0,0.428556518,0.335,0.372231437,0.402715158,0.075370133,0.097325342,0.081352415,0.074049237,0.5,0.985,0.663257354,0.554601245,0.008547009,0.024152295,0.011984509,0.009535699,0.41547619,0.085,0.139412238,0.229166667,0.325660462,0.074721706,0.118463493,0.187306999,models/0_6_PHM_C04_SS_NoNBD__RF_Model_28-Jun-2023_12-27.mdl,164.8852267,13.75899291,1.216297388,12.35027909
0,7,SS,PHM C04 SS LBD,data\PHM_Tool_Wear_Data_C04_0p098.csv,RF_Model_PHM_C04_SS_LowNBD.mdl,SS,1,-1,-40,0.098,0.85,1000,0.05,800,348,PHM_C04_SS,Separate test set.,40,10,results/MultiRound,,100,70,0.618073285,0.985,0.759316113,0.667729452,0.020451455,0.024152295,0.018085873,0.019595342,0.523310105,0.52,0.517009055,0.519557217,0.07688676,0.115950181,0.08712418,0.077894683,0.616666667,0.055,0.099322417,0.194196429,0.458459579,0.049721446,0.087039232,0.159828864,0.266666667,0.04,0.068906456,0.122519841,0.207126132,0.031622777,0.053580126,0.093234031,models/0_7_PHM_C04_SS_LowNBD__RF_Model_28-Jun-2023_12-31.mdl,144.1027489,13.95856762,1.074677229,12.4725318
0,8,SS,PHM C04 SS HBD,data\PHM_Tool_Wear_Data_C04_0p098.csv,RF_Model_PHM_C04_SS_HighNBD.mdl,SS,1,-1,-100,0.098,0.9,100,0.1,800,348,PHM_C04_SS,Separate test set.,40,10,results/MultiRound,,100,70,0.732020315,0.925,0.815640043,0.763022554,0.049644207,0.042491829,0.028897657,0.040946334,0.493257021,0.52,0.504165394,0.497099471,0.083334561,0.127366488,0.098753463,0.087801085,0.501353175,0.975,0.662068966,0.555256678,0.018237498,0.042491829,0.023876666,0.019940753,0.365833333,0.09,0.141852524,0.220456974,0.184610451,0.06992059,0.100033528,0.135782447,models/0_8_PHM_C04_SS_HighNBD__RF_Model_28-Jun-2023_12-33.mdl,135.6539407,28.95335102,2.824549675,27.19143939
0,9,SS,PHM C06 SS NBD,data\PHM_Tool_Wear_Data_C06_0p13.csv,RF_Model_PHM_C06_SS_NoNBD.mdl,SS,1,-1,-40,0.13,0.95,0,0,800,348,PHM_C06_SS,Separate test set.,40,10,results/MultiRound,,100,70,0.848142292,0.995,0.915289104,0.873700055,0.034359055,0.015811388,0.020181794,0.028922261,0.502953909,0.45,0.471449666,0.488658811,0.100148041,0.11785113,0.105886793,0.100720835,0.066666667,0.01,0.017391304,0.03125,0.210818511,0.031622777,0.054996133,0.098821177,0.512287157,0.195,0.277975137,0.37860733,0.177259263,0.0831665,0.108803055,0.137293581,models/0_9_PHM_C06_SS_NoNBD__RF_Model_28-Jun-2023_12-37.mdl,185.8955991,27.12025261,1.42361784,14.10687947
0,10,SS,PHM C06 SS LBD,data\PHM_Tool_Wear_Data_C06_0p13.csv,RF_Model_PHM_C06_SS_LowNBD.mdl,SS,1,-1,-40,0.13,0.95,1000,0.05,800,348,PHM_C06_SS,Separate test set.,40,10,results/MultiRound,,100,70,0,0,0,0,0,0,0,0,0,0,0,0,0,0,0,0,0.493522267,0.96,0.65186051,0.546629082,0.011028943,0.031622777,0.016180961,0.01257481,0.235,0.045,0.074757576,0.124801587,0.193002591,0.036893239,0.060542568,0.09960436,models/0_10_PHM_C06_SS_LowNBD__RF_Model_28-Jun-2023_12-41.mdl,143.2929327,14.28532815,1.082159042,12.61567044
0,11,SS,PHM C06 SS HBD,data\PHM_Tool_Wear_Data_C06_0p13.csv,RF_Model_PHM_C06_SS_HighNBD.mdl,SS,1,-1,-40,0.13,0.9,100,0.1,800,348,PHM_C06_SS,Separate test set.,40,10,results/MultiRound,,100,70,0.695952936,0.345,0.454988636,0.569683323,0.131387157,0.106588513,0.119031339,0.12544978,0.545588148,0.545,0.541533584,0.543058214,0.06488329,0.095597536,0.062778402,0.058787136,0.50391363,0.975,0.664367816,0.557794515,0.010710599,0.026352314,0.014024419,0.011677324,0.594370284,0.56,0.573131671,0.584637706,0.069228625,0.102198065,0.076380725,0.067403317,models/0_11_PHM_C06_SS_HighNBD__RF_Model_28-Jun-2023_12-43.mdl,154.7627676,25.466609,1.814424515,14.4129827
0,12,MS,PHM C01 MS NBD,data\PHM_Tool_Wear_Data_C01_0p12.csv,RF_Model_PHM_C01_MS_NoNBD.mdl,MS,1,-1,-40,0.12,0.925,0,0,800,348,PHM_C04_MS,Separate test set.,40,10,results/MultiRound,,100,70,0,0,0,0,0,0,0,0,0.489547968,0.495,0.490043085,0.489209286,0.122389933,0.146154408,0.127893159,0.122915919,0.4,0.04,0.071221532,0.135416667,0.438853726,0.045946829,0.080382947,0.147722551,0.477163947,0.235,0.311405742,0.390419558,0.128512513,0.091439111,0.112412789,0.126855357,models/0_12_PHM_C04_MS_NoNBD__RF_Model_28-Jun-2023_12-47.mdl,198.5053272,16.41660404,1.605163336,14.25226378
0,13,MS,PHM C04 MS NBD,data\PHM_Tool_Wear_Data_C04_0p098.csv,RF_Model_PHM_C04_MS_NoNBD.mdl,MS,1,-1,-50,0.098,0.85,0,0,800,348,PHM_C04_MS,Separate test set.,40,10,results/MultiRound,,100,70,0.777687174,0.525,0.621664131,0.70439146,0.084709649,0.06770032,0.049011144,0.052742613,0.495882042,0.845,0.624474893,0.540333616,0.024047045,0.05986095,0.030680671,0.025620481,0.498650472,0.975,0.659809079,0.552641238,0.014239489,0.035355339,0.020238731,0.016135964,0.484098831,0.68,0.564946295,0.513399861,0.050125068,0.103279556,0.068400657,0.05613897,models/0_13_PHM_C04_MS_NoNBD__RF_Model_28-Jun-2023_12-51.mdl,186.7309868,17.29092073,1.58911705,15.28063941
0,14,MS,PHM C06 MS NBD,data\PHM_Tool_Wear_Data_C06_0p13.csv,RF_Model_PHM_C06_MS_NoNBD.mdl,MS,1,-1,-40,0.13,0.925,0,0,800,348,PHM_C04_MS,Separate test set.,40,10,results/MultiRound,,100,70,1,0.525,0.6876066,0.84567577,0,0.042491829,0.036626071,0.022305976,0,0,0,0,0,0,0,0,0.498650472,0.98,0.66091954,0.552949554,0.011389104,0.034960295,0.017261943,0.013139154,0.50326638,0.57,0.530626033,0.512999113,0.056490784,0.137840488,0.088240473,0.066746481,models/0_14_PHM_C04_MS_NoNBD__RF_Model_28-Jun-2023_12-54.mdl,187.4711552,23.42860937,1.751092196,13.16356063
1,0,SS,Simulated NBD,data\Simulated_Dasic_2006_Tool_Wear_Model_Train.csv,RF_Model_Dasic_NoNBD.mdl,SS,1,-1,-100,3,1,0,0,800,121,Dasic,Separate test set.,40,10,results/MultiRound,data\Simulated_Dasic_2006_Tool_Wear_Model_Test.csv,1,2,1,0.65,0.787210339,0.902132783,0,0.040824829,0.030023769,0.015808832,0,0,0,0,0,0,0,0,0.495940171,0.97,0.656194512,0.549619672,0.012598988,0.048304589,0.021689488,0.015283661,0.185,0.045,0.072076923,0.113257576,0.154650143,0.043779752,0.067771629,0.101484314,models/1_0_Dasic_NoNBD__RF_Model_28-Jun-2023_12-58.mdl,51.67259645,14.60148668,1.096240044,14.9131484
1,1,SS,Simulated LBD,data\Simulated_Dasic_2006_Tool_Wear_Model_Train.csv,RF_Model_Dasic_LowNBD.mdl,SS,1,-1,-100,3,1,1000,0.05,800,121,Dasic,Separate test set.,40,10,results/MultiRound,data\Simulated_Dasic_2006_Tool_Wear_Model_Test.csv,1,2,0.873769998,0.99,0.92774115,0.894484267,0.036417435,0.021081851,0.021669712,0.030449707,0.491909019,0.42,0.446714881,0.470601458,0.066039198,0.135810325,0.100203948,0.078731353,0.493452967,0.965,0.652910476,0.546869232,0.011075306,0.04116363,0.018596624,0.013288017,0.474285714,0.1,0.158005527,0.248381133,0.261420428,0.062360956,0.091896298,0.127316345,models/1_1_Dasic_LowNBD__RF_Model_28-Jun-2023_12-59.mdl,56.61278749,16.09213686,1.168504715,11.96458554
1,2,SS,Simulated HBD,data\Simulated_Dasic_2006_Tool_Wear_Model_Train.csv,RF_Model_Dasic_HighNBD.mdl,SS,1,-1,-100,3,1,100,0.1,800,121,Dasic,Separate test set.,40,10,results/MultiRound,data\Simulated_Dasic_2006_Tool_Wear_Model_Test.csv,1,2,1,0.73,0.841224831,0.928803653,0,0.088819417,0.058648463,0.028560978,0.5811898,0.61,0.59299733,0.585350529,0.058278426,0.096609178,0.067335047,0.05896879,0.3,0.02,0.037229437,0.077380952,0.421637021,0.025819889,0.048084654,0.100389767,0.2475,0.065,0.101380952,0.155021368,0.223746508,0.066874675,0.10009153,0.146254792,models/1_2_Dasic_HighNBD__RF_Model_28-Jun-2023_13-01.mdl,46.16539979,22.3789475,1.361405611,13.50168681
1,3,SS,PHM C01 SS NBD,data\PHM_Tool_Wear_Data_C01_0p12.csv,RF_Model_PHM_C01_SS_NoNBD.mdl,SS,1,-2,-40,0.12,0.95,0,0,800,348,PHM_C01_SS,Separate test set.,40,10,results/MultiRound,,100,70,0.882549407,0.995,0.934726165,0.902562489,0.040785662,0.015811388,0.019697547,0.032559829,0.570516114,0.62,0.590951055,0.577638358,0.082425302,0.135810325,0.102326962,0.08781345,0.5,0.985,0.663257354,0.554601245,0.008547009,0.024152295,0.011984509,0.009535699,0.642673481,0.69,0.660174207,0.648420054,0.096930284,0.114987922,0.084541508,0.087836273,models/1_3_PHM_C01_SS_NoNBD__RF_Model_28-Jun-2023_13-02.mdl,158.7649841,14.23394394,1.012329817,11.7168057
1,4,SS,PHM C01 SS LBD,data\PHM_Tool_Wear_Data_C01_0p12.csv,RF_Model_PHM_C01_SS_LowNBD.mdl,SS,1,-1,-100,0.12,0.9,1000,0.05,800,348,PHM_C01_SS,Separate test set.,40,10,results/MultiRound,,100,70,0,0,0,0,0,0,0,0,0,0,0,0,0,0,0,0,0.611374633,0.975,0.751356271,0.660584316,0.016160756,0.035355339,0.020080687,0.017118922,0.276190476,0.06,0.097584541,0.157986111,0.270179527,0.06146363,0.098159013,0.156239283,models/1_4_PHM_C01_SS_LowNBD__RF_Model_28-Jun-2023_13-05.mdl,107.512476,14.17869186,1.0092628,12.90815711
1,5,SS,PHM C01 SS HBD,data\PHM_Tool_Wear_Data_C01_0p12.csv,RF_Model_PHM_C01_SS_HighNBD.mdl,SS,1,-1,-40,0.12,0.85,100,0.1,800,348,PHM_C01_SS,Separate test set.,40,10,results/MultiRound,,100,70,0.776337551,0.415,0.533132038,0.650493421,0.111191389,0.085146932,0.079648888,0.068769994,0.503014511,0.515,0.506569041,0.503835822,0.057309235,0.117968922,0.085091072,0.067433721,0.505195682,0.98,0.666627703,0.559372798,0.015406861,0.034960295,0.020249563,0.016907133,0.508505232,0.66,0.573134336,0.532306757,0.069536526,0.114987922,0.084053036,0.074023604,models/1_5_PHM_C01_SS_HighNBD__RF_Model_28-Jun-2023_13-08.mdl,129.3456352,13.30386186,1.02527976,11.72535157
1,6,SS,PHM C04 SS NBD,data\PHM_Tool_Wear_Data_C04_0p098.csv,RF_Model_PHM_C04_SS_NoNBD.mdl,SS,1,-1,-40,0.098,0.95,0,0,800,348,PHM_C04_SS,Separate test set.,40,10,results/MultiRound,,100,70,0.758831899,0.975,0.851815156,0.793212767,0.075822039,0.035355339,0.054601643,0.068412831,0.547021839,0.56,0.551648004,0.548447396,0.052554116,0.080966385,0.059752061,0.053371031,0.505195682,0.985,0.667816092,0.559710477,0.012511164,0.024152295,0.01556172,0.013504647,0.561400266,0.405,0.46757526,0.518471053,0.093869264,0.068516016,0.067082951,0.076130292,models/1_6_PHM_C04_SS_NoNBD__RF_Model_28-Jun-2023_13-10.mdl,158.8699851,13.94445205,0.972788095,12.61280084
1,7,SS,PHM C04 SS LBD,data\PHM_Tool_Wear_Data_C04_0p098.csv,RF_Model_PHM_C04_SS_LowNBD.mdl,SS,1,-1,-40,0.098,0.85,1000,0.05,800,348,PHM_C04_SS,Separate test set.,40,10,results/MultiRound,,100,70,0.622873551,0.9,0.735323937,0.663320923,0.043805871,0.08819171,0.055177615,0.046789905,0.517816696,0.555,0.532957115,0.523173424,0.039679888,0.101242284,0.060707592,0.045110889,0.502562279,0.98,0.664287838,0.556772039,0.010402183,0.034960295,0.015256853,0.011675523,0.265,0.05,0.083753623,0.141319444,0.258968753,0.052704628,0.087187788,0.144068633,models/1_7_PHM_C04_SS_LowNBD__RF_Model_28-Jun-2023_13-13.mdl,141.441999,24.53692842,1.778637171,18.09789371
1,8,SS,PHM C04 SS HBD,data\PHM_Tool_Wear_Data_C04_0p098.csv,RF_Model_PHM_C04_SS_HighNBD.mdl,SS,1,-1,-100,0.098,0.9,100,0.1,800,348,PHM_C04_SS,Separate test set.,40,10,results/MultiRound,,100,70,0.632457757,0.98,0.768496229,0.680614787,0.011536923,0.034960295,0.013802212,0.011122951,0.493176088,0.915,0.640594466,0.543143397,0.017266409,0.05797509,0.025912148,0.019545922,0.498717949,0.975,0.659848042,0.552699965,0.015600686,0.035355339,0.020989155,0.017306268,0.445845865,0.33,0.377610249,0.415196078,0.06331911,0.078881064,0.070783702,0.065481016,models/1_8_PHM_C04_SS_HighNBD__RF_Model_28-Jun-2023_13-17.mdl,130.7326205,21.02960896,2.938145638,16.73593163
1,9,SS,PHM C06 SS NBD,data\PHM_Tool_Wear_Data_C06_0p13.csv,RF_Model_PHM_C06_SS_NoNBD.mdl,SS,1,-1,-40,0.13,0.95,0,0,800,348,PHM_C06_SS,Separate test set.,40,10,results/MultiRound,,100,70,0.563757034,1,0.720918458,0.617601403,0.015297012,0,0.012549088,0.014703453,0.516917817,0.585,0.543354141,0.526015614,0.120156754,0.17958285,0.132671108,0.121192093,0.5,0.025,0.047619048,0.104166667,0.527046277,0.026352314,0.050194883,0.109801308,0.313849206,0.145,0.196664438,0.252293978,0.193885607,0.092646281,0.123845797,0.157196762,models/1_9_PHM_C06_SS_NoNBD__RF_Model_28-Jun-2023_13-19.mdl,161.1212265,28.20912957,1.108088255,12.16715884
1,10,SS,PHM C06 SS LBD,data\PHM_Tool_Wear_Data_C06_0p13.csv,RF_Model_PHM_C06_SS_LowNBD.mdl,SS,1,-1,-40,0.13,0.95,1000,0.05,800,348,PHM_C06_SS,Separate test set.,40,10,results/MultiRound,,100,70,0,0,0,0,0,0,0,0,0.480719836,0.52,0.497377032,0.486798319,0.068663161,0.09486833,0.072641937,0.068454771,0.5,0.975,0.660977986,0.553962591,0.010467905,0.026352314,0.014359601,0.011647845,0.516715198,0.945,0.667777416,0.568086466,0.022044765,0.049721446,0.026652578,0.023210869,models/1_10_PHM_C06_SS_LowNBD__RF_Model_28-Jun-2023_13-23.mdl,101.0129557,13.25984883,0.975427389,12.15264106
1,11,SS,PHM C06 SS HBD,data\PHM_Tool_Wear_Data_C06_0p13.csv,RF_Model_PHM_C06_SS_HighNBD.mdl,SS,1,-1,-40,0.13,0.9,100,0.1,800,348,PHM_C06_SS,Separate test set.,40,10,results/MultiRound,,100,70,0.719000112,0.98,0.829105415,0.759280573,0.03366896,0.025819889,0.026940721,0.031178065,0.480342158,0.205,0.282845801,0.371661325,0.139107528,0.0831665,0.10336449,0.122222827,0.61093318,0.945,0.741791855,0.657273264,0.023885602,0.072456884,0.03950225,0.028860722,0.428320568,0.3,0.350669966,0.392588936,0.139258613,0.105409255,0.115923574,0.127116676,models/1_11_PHM_C06_SS_HighNBD__RF_Model_28-Jun-2023_13-25.mdl,120.3688734,13.30337739,0.985359669,11.87246656
1,12,MS,PHM C01 MS NBD,data\PHM_Tool_Wear_Data_C01_0p12.csv,RF_Model_PHM_C01_MS_NoNBD.mdl,MS,1,-1,-40,0.12,0.925,0,0,800,348,PHM_C04_MS,Separate test set.,40,10,results/MultiRound,,100,70,0.721893275,0.6,0.652151211,0.691231656,0.102512033,0.102740233,0.096119013,0.097100245,0.513841485,0.595,0.54895197,0.526799223,0.02704274,0.09846037,0.054861924,0.035595265,0.935714286,0.27,0.417321937,0.622790404,0.083276625,0.042163702,0.053489273,0.059409998,0.42,0.14,0.20635133,0.292926865,0.154969133,0.06992059,0.094125823,0.120446771,models/1_12_PHM_C04_MS_NoNBD__RF_Model_28-Jun-2023_13-27.mdl,170.9098759,23.52798772,2.111656904,19.77816081
1,13,MS,PHM C04 MS NBD,data\PHM_Tool_Wear_Data_C04_0p098.csv,RF_Model_PHM_C04_MS_NoNBD.mdl,MS,1,-1,-50,0.098,0.85,0,0,800,348,PHM_C04_MS,Separate test set.,40,10,results/MultiRound,,100,70,0.716666667,0.115,0.191929809,0.328215188,0.401001832,0.085146932,0.132844445,0.204591642,0.508151147,0.885,0.645213303,0.55529334,0.020606126,0.070906825,0.034145355,0.024580149,0.506475909,0.98,0.667755596,0.560633327,0.01540013,0.034960295,0.020570637,0.017019967,0.451616809,0.35,0.389894636,0.423139659,0.070544853,0.105409255,0.085080906,0.072960882,models/1_13_PHM_C04_MS_NoNBD__RF_Model_28-Jun-2023_13-31.mdl,174.4267027,22.36091447,1.804778337,13.074543
1,14,MS,PHM C06 MS NBD,data\PHM_Tool_Wear_Data_C06_0p13.csv,RF_Model_PHM_C06_MS_NoNBD.mdl,MS,1,-1,-40,0.13,0.925,0,0,800,348,PHM_C04_MS,Separate test set.,40,10,results/MultiRound,,100,70,0.5,0.03,0.056277056,0.119047619,0.527046277,0.034960295,0.064694118,0.133099284,0.526075729,0.845,0.647517157,0.568626385,0.050378406,0.086442017,0.058430329,0.052702925,0.49224996,0.93,0.643632896,0.543357369,0.012909248,0.025819889,0.014337931,0.013251485,0.463041126,0.29,0.352823522,0.409639147,0.118929664,0.09067647,0.094696139,0.102044696,models/1_14_PHM_C04_MS_NoNBD__RF_Model_28-Jun-2023_13-35.mdl,188.1760814,19.44284201,1.646779299,12.87896848
2,0,SS,Simulated NBD,data\Simulated_Dasic_2006_Tool_Wear_Model_Train.csv,RF_Model_Dasic_NoNBD.mdl,SS,1,-1,-100,3,1,0,0,800,121,Dasic,Separate test set.,40,10,results/MultiRound,data\Simulated_Dasic_2006_Tool_Wear_Model_Test.csv,1,2,0.797435897,1,0.887132191,0.831015944,0.023562476,0,0.014551045,0.020454966,0.532718703,0.535,0.531521264,0.53169682,0.095685152,0.127038927,0.105720538,0.098286331,0.501282051,0.99,0.665517241,0.556179528,0.007277516,0.021081851,0.009916145,0.007989451,0.594345238,0.51,0.546967131,0.573845148,0.085392345,0.073786479,0.072518569,0.077855289,models/2_0_Dasic_NoNBD__RF_Model_28-Jun-2023_13-38.mdl,64.07932687,24.80123448,1.149954319,12.40453243
2,1,SS,Simulated LBD,data\Simulated_Dasic_2006_Tool_Wear_Model_Train.csv,RF_Model_Dasic_LowNBD.mdl,SS,1,-1,-100,3,1,1000,0.05,800,121,Dasic,Separate test set.,40,10,results/MultiRound,data\Simulated_Dasic_2006_Tool_Wear_Model_Test.csv,1,2,0.967099567,0.995,0.980478871,0.972320157,0.031230232,0.015811388,0.015234139,0.024336045,0.548752013,0.665,0.599117763,0.567451857,0.069032146,0.102875329,0.074239213,0.069210436,0.45979833,0.83,0.591613028,0.504769073,0.007934422,0.034960295,0.013485904,0.00923882,0.145,0.03,0.04938796,0.081155303,0.176741773,0.034960295,0.057935896,0.096344908,models/2_1_Dasic_LowNBD__RF_Model_28-Jun-2023_13-40.mdl,61.22140884,20.66084886,1.492587566,14.1053977
2,2,SS,Simulated HBD,data\Simulated_Dasic_2006_Tool_Wear_Model_Train.csv,RF_Model_Dasic_HighNBD.mdl,SS,1,-1,-100,3,1,100,0.1,800,121,Dasic,Separate test set.,40,10,results/MultiRound,data\Simulated_Dasic_2006_Tool_Wear_Model_Test.csv,1,2,0.967217062,0.86,0.909608394,0.943070064,0.037618336,0.051639778,0.03645156,0.033428466,0.450858996,0.435,0.440499712,0.44598414,0.124482812,0.168407574,0.146721946,0.133336535,0.44952381,0.8,0.575584416,0.492682927,0.006557432,0,0.005365172,0.006297534,0.36,0.085,0.136263099,0.215214646,0.262372838,0.062583278,0.09882785,0.154027309,models/2_2_Dasic_HighNBD__RF_Model_28-Jun-2023_13-42.mdl,54.18557,24.76293492,1.366837025,14.29227138
2,3,SS,PHM C01 SS NBD,data\PHM_Tool_Wear_Data_C01_0p12.csv,RF_Model_PHM_C01_SS_NoNBD.mdl,SS,1,-2,-40,0.12,0.95,0,0,800,348,PHM_C01_SS,Separate test set.,40,10,results/MultiRound,,100,70,0.981196581,0.535,0.688289417,0.836041308,0.040451828,0.094428103,0.083946198,0.060090889,0.532142656,0.92,0.674016113,0.581037995,0.021907716,0.042163702,0.025213554,0.022795475,0.25,0.02,0.036796537,0.074404762,0.424918293,0.034960295,0.06399024,0.128010793,0.527497952,0.78,0.628647092,0.563679266,0.040625155,0.075277265,0.04882317,0.042770205,models/2_3_PHM_C01_SS_NoNBD__RF_Model_28-Jun-2023_13-43.mdl,188.0140662,13.89821601,1.232507229,14.59875917
2,4,SS,PHM C01 SS LBD,data\PHM_Tool_Wear_Data_C01_0p12.csv,RF_Model_PHM_C01_SS_LowNBD.mdl,SS,1,-1,-100,0.12,0.9,1000,0.05,800,348,PHM_C01_SS,Separate test set.,40,10,results/MultiRound,,100,70,0.752663614,0.985,0.852938824,0.789744181,0.023039012,0.024152295,0.015390645,0.019731344,0,0,0,0,0,0,0,0,0.35,0.025,0.046320346,0.095238095,0.474341649,0.035355339,0.064984749,0.131462451,0.521713218,0.47,0.490696959,0.507684281,0.057772089,0.113529242,0.086274417,0.068480558,models/2_4_PHM_C01_SS_LowNBD__RF_Model_28-Jun-2023_13-47.mdl,150.4361913,21.29633069,1.641756535,17.25974679
2,5,SS,PHM C01 SS HBD,data\PHM_Tool_Wear_Data_C01_0p12.csv,RF_Model_PHM_C01_SS_HighNBD.mdl,SS,1,-1,-40,0.12,0.85,100,0.1,800,348,PHM_C01_SS,Separate test set.,40,10,results/MultiRound,,100,70,0.856156336,0.725,0.782229521,0.82420184,0.064244178,0.088975652,0.063628868,0.059180079,0.5,1,0.666666667,0.555555556,0,0,0,0,0.366666667,0.025,0.045962733,0.09375,0.483045892,0.035355339,0.063535557,0.124710312,0.522782512,0.39,0.444175492,0.48727969,0.116266953,0.10749677,0.107700404,0.110824011,models/2_5_PHM_C01_SS_HighNBD__RF_Model_28-Jun-2023_13-50.mdl,107.6430075,26.0536809,1.425213814,15.49157834
2,6,SS,PHM C04 SS NBD,data\PHM_Tool_Wear_Data_C04_0p098.csv,RF_Model_PHM_C04_SS_NoNBD.mdl,SS,1,-1,-40,0.098,0.95,0,0,800,348,PHM_C04_SS,Separate test set.,40,10,results/MultiRound,,100,70,0.76764765,0.995,0.866005615,0.804075873,0.043681214,0.015811388,0.029204732,0.038745155,0.473214286,0.275,0.340591495,0.405444465,0.135197545,0.113651514,0.118208766,0.122883622,0.25,0.015,0.028138528,0.05952381,0.424918293,0.024152295,0.045322652,0.096184124,0.497857143,0.11,0.17689122,0.282368326,0.32882141,0.065828059,0.104196427,0.165829769,models/2_6_PHM_C04_SS_NoNBD__RF_Model_28-Jun-2023_13-53.mdl,170.5640304,29.06665969,1.766368866,18.38097787
2,7,SS,PHM C04 SS LBD,data\PHM_Tool_Wear_Data_C04_0p098.csv,RF_Model_PHM_C04_SS_LowNBD.mdl,SS,1,-1,-40,0.098,0.85,1000,0.05,800,348,PHM_C04_SS,Separate test set.,40,10,results/MultiRound,,100,70,0.70506179,0.995,0.824793396,0.748448671,0.041203653,0.015811388,0.030750472,0.037868353,0.515979532,0.385,0.438088032,0.480590603,0.085297189,0.102875329,0.095263885,0.088970312,0.494735018,0.97,0.655170363,0.548447515,0.011010259,0.042163702,0.01877492,0.013288779,0.261666667,0.04,0.066604077,0.113352273,0.314470945,0.039440532,0.064171266,0.107008812,models/2_7_PHM_C04_SS_LowNBD__RF_Model_28-Jun-2023_13-56.mdl,156.3305588,16.00580311,1.053199291,13.99828815
2,8,SS,PHM C04 SS HBD,data\PHM_Tool_Wear_Data_C04_0p098.csv,RF_Model_PHM_C04_SS_HighNBD.mdl,SS,1,-1,-100,0.098,0.9,100,0.1,800,348,PHM_C04_SS,Separate test set.,40,10,results/MultiRound,,100,70,0.649026284,0.985,0.782069767,0.696357853,0.027200316,0.024152295,0.020702477,0.024913037,0.572619048,0.13,0.204171738,0.31959707,0.301431142,0.088819417,0.12584477,0.171705171,0.500763768,0.955,0.656788175,0.553320929,0.025169029,0.076194196,0.039045782,0.02942072,0.384722222,0.14,0.198290701,0.271225833,0.198913587,0.104880885,0.133214513,0.160459846,models/2_8_PHM_C04_SS_HighNBD__RF_Model_28-Jun-2023_14-00.mdl,141.4113448,26.80375361,1.502022028,13.98683357
2,9,SS,PHM C06 SS NBD,data\PHM_Tool_Wear_Data_C06_0p13.csv,RF_Model_PHM_C06_SS_NoNBD.mdl,SS,1,-1,-40,0.13,0.95,0,0,800,348,PHM_C06_SS,Separate test set.,40,10,results/MultiRound,,100,70,0,0,0,0,0,0,0,0,0.547316292,0.69,0.609427216,0.570392175,0.080677999,0.099442893,0.085187021,0.081755019,0.35,0.02,0.037662338,0.080357143,0.474341649,0.025819889,0.048637926,0.104095781,0.375761183,0.12,0.177431053,0.254444167,0.18046474,0.05868939,0.083088575,0.115854249,models/2_9_PHM_C06_SS_NoNBD__RF_Model_28-Jun-2023_14-03.mdl,154.938206,18.27483511,1.467017412,17.86325216
2,10,SS,PHM C06 SS LBD,data\PHM_Tool_Wear_Data_C06_0p13.csv,RF_Model_PHM_C06_SS_LowNBD.mdl,SS,1,-1,-40,0.13,0.95,1000,0.05,800,348,PHM_C06_SS,Separate test set.,40,10,results/MultiRound,,100,70,0,0,0,0,0,0,0,0,0.531147678,0.6,0.559654163,0.541436106,0.09747218,0.156347192,0.114822664,0.101910159,0.025,0.01,0.014285714,0.019230769,0.052704628,0.021081851,0.03011693,0.040542021,0.292380952,0.08,0.124524712,0.188352273,0.192845058,0.05868939,0.088776541,0.129524201,models/2_10_PHM_C06_SS_LowNBD__RF_Model_28-Jun-2023_14-06.mdl,137.7983088,24.69634032,1.482606649,16.04190826
2,11,SS,PHM C06 SS HBD,data\PHM_Tool_Wear_Data_C06_0p13.csv,RF_Model_PHM_C06_SS_HighNBD.mdl,SS,1,-1,-40,0.13,0.9,100,0.1,800,348,PHM_C06_SS,Separate test set.,40,10,results/MultiRound,,100,70,0.657180328,0.54,0.588101908,0.626166153,0.068490688,0.124275679,0.091979183,0.073739351,0.485295143,0.485,0.483212753,0.483965855,0.09919169,0.124833222,0.108246951,0.101723594,0.333333333,0.025,0.045925089,0.093005952,0.471404521,0.035355339,0.064694787,0.130072444,0.388333333,0.085,0.136591785,0.218558872,0.203070565,0.047434165,0.073490367,0.11281396,models/2_11_PHM_C06_SS_HighNBD__RF_Model_28-Jun-2023_14-09.mdl,136.2117901,16.92166972,1.433166742,16.54465699
2,12,MS,PHM C01 MS NBD,data\PHM_Tool_Wear_Data_C01_0p12.csv,RF_Model_PHM_C01_MS_NoNBD.mdl,MS,1,-1,-40,0.12,0.925,0,0,800,348,PHM_C04_MS,Separate test set.,40,10,results/MultiRound,,100,70,0.488932073,0.43,0.455801175,0.474590238,0.1357932,0.118321596,0.120951747,0.127810331,0.497750576,0.815,0.617228893,0.539423287,0.040045491,0.074721706,0.046037911,0.041463819,0.8,0.085,0.14936006,0.27827381,0.269887951,0.052967495,0.085771252,0.132805237,0.525198413,0.24,0.325777619,0.419577294,0.228213995,0.099442893,0.13190951,0.17298031,models/2_12_PHM_C04_MS_NoNBD__RF_Model_28-Jun-2023_14-12.mdl,198.4174697,17.5701766,1.729408264,13.27647471
2,13,MS,PHM C04 MS NBD,data\PHM_Tool_Wear_Data_C04_0p098.csv,RF_Model_PHM_C04_MS_NoNBD.mdl,MS,1,-1,-50,0.098,0.85,0,0,800,348,PHM_C04_MS,Separate test set.,40,10,results/MultiRound,,100,70,0.608333333,0.11,0.18381727,0.311282468,0.370705867,0.077459667,0.123134557,0.195517564,0.50374078,0.685,0.578823369,0.531011,0.057935618,0.066874675,0.053121934,0.055176223,0.722260622,0.92,0.808898116,0.75453029,0.034418269,0.042163702,0.034220903,0.033824018,0.381428571,0.115,0.168295778,0.241332973,0.297289341,0.100138793,0.133086517,0.1714657,models/2_13_PHM_C04_MS_NoNBD__RF_Model_28-Jun-2023_14-16.mdl,203.1189415,14.57062817,1.88007164,17.67829967
2,14,MS,PHM C06 MS NBD,data\PHM_Tool_Wear_Data_C06_0p13.csv,RF_Model_PHM_C06_MS_NoNBD.mdl,MS,1,-1,-40,0.13,0.925,0,0,800,348,PHM_C04_MS,Separate test set.,40,10,results/MultiRound,,100,70,0,0,0,0,0,0,0,0,0,0,0,0,0,0,0,0,0.502564103,0.985,0.665517241,0.557126498,0.010112957,0.024152295,0.013544301,0.011163629,0.488392857,0.31,0.376915454,0.435680423,0.11823754,0.06992059,0.080784013,0.097044457,models/2_14_PHM_C04_MS_NoNBD__RF_Model_28-Jun-2023_14-20.mdl,192.0801227,15.94086885,1.630034208,13.35348034
3,0,SS,Simulated NBD,data\Simulated_Dasic_2006_Tool_Wear_Model_Train.csv,RF_Model_Dasic_NoNBD.mdl,SS,1,-1,-100,3,1,0,0,800,121,Dasic,Separate test set.,40,10,results/MultiRound,data\Simulated_Dasic_2006_Tool_Wear_Model_Test.csv,1,2,0.5,1,0.666666667,0.555555556,0,0,0,0,0.1,0.005,0.00952381,0.020833333,0.316227766,0.015811388,0.03011693,0.065880785,0.383333333,0.035,0.062591756,0.12078373,0.458459579,0.04116363,0.072541464,0.137454654,0.572353995,0.57,0.565383655,0.567896609,0.071860226,0.127366488,0.089382118,0.073928695,models/3_0_Dasic_NoNBD__RF_Model_28-Jun-2023_14-23.mdl,59.68552256,16.98172832,1.014508247,11.57626271
3,1,SS,Simulated LBD,data\Simulated_Dasic_2006_Tool_Wear_Model_Train.csv,RF_Model_Dasic_LowNBD.mdl,SS,1,-1,-100,3,1,1000,0.05,800,121,Dasic,Separate test set.,40,10,results/MultiRound,data\Simulated_Dasic_2006_Tool_Wear_Model_Test.csv,1,2,0.988854489,0.855,0.916458159,0.95838627,0.023542082,0.043779752,0.02810754,0.021840773,0.569385111,0.575,0.570870187,0.569641585,0.066934781,0.063464776,0.059650255,0.062630471,0.15,0.01,0.018614719,0.038690476,0.337474279,0.021081851,0.039256535,0.081867782,0.428463203,0.215,0.283440502,0.353599525,0.124283028,0.091439111,0.10693963,0.116911654,models/3_1_Dasic_LowNBD__RF_Model_28-Jun-2023_14-25.mdl,59.87935543,20.83227921,1.164916277,13.23642564
3,2,SS,Simulated HBD,data\Simulated_Dasic_2006_Tool_Wear_Model_Train.csv,RF_Model_Dasic_HighNBD.mdl,SS,1,-1,-100,3,1,100,0.1,800,121,Dasic,Separate test set.,40,10,results/MultiRound,data\Simulated_Dasic_2006_Tool_Wear_Model_Test.csv,1,2,0.99375,0.79,0.878708388,0.943746677,0.019764235,0.06992059,0.047295885,0.027831951,0.571886162,0.82,0.672038801,0.607869002,0.051065236,0.111055542,0.065537521,0.054608597,0.4,0.035,0.063316394,0.124255952,0.516397779,0.052967495,0.093785638,0.176285035,0.615661765,0.53,0.566634085,0.594273967,0.082652806,0.091893658,0.077194218,0.077385547,models/3_2_Dasic_HighNBD__RF_Model_28-Jun-2023_14-26.mdl,52.87315488,26.21522427,1.574924469,16.45612478
3,3,SS,PHM C01 SS NBD,data\PHM_Tool_Wear_Data_C01_0p12.csv,RF_Model_PHM_C01_SS_NoNBD.mdl,SS,1,-2,-40,0.12,0.95,0,0,800,348,PHM_C01_SS,Separate test set.,40,10,results/MultiRound,,100,70,0.851530209,0.99,0.914958842,0.875697778,0.039076803,0.021081851,0.022718416,0.032572353,0.55665363,0.52,0.534828066,0.546878173,0.08846875,0.129529062,0.108133349,0.095805756,0.494735018,0.95,0.650510042,0.547131354,0.012559915,0.040824829,0.018918424,0.01433624,0.555651709,0.32,0.402284669,0.480193744,0.088715629,0.063245553,0.060479329,0.066867846,models/3_3_PHM_C01_SS_NoNBD__RF_Model_28-Jun-2023_14-28.mdl,206.0972548,18.4685967,1.064152479,12.29786921
3,4,SS,PHM C01 SS LBD,data\PHM_Tool_Wear_Data_C01_0p12.csv,RF_Model_PHM_C01_SS_LowNBD.mdl,SS,1,-1,-100,0.12,0.9,1000,0.05,800,348,PHM_C01_SS,Separate test set.,40,10,results/MultiRound,,100,70,0,0,0,0,0,0,0,0,0.511704659,0.525,0.515238481,0.51236863,0.050201312,0.085796918,0.057360543,0.049282003,0.498717949,0.985,0.662127411,0.553338619,0.007277516,0.024152295,0.0109299,0.008292584,0.22,0.025,0.043281385,0.078968254,0.342539535,0.035355339,0.060350598,0.10838008,models/3_4_PHM_C01_SS_LowNBD__RF_Model_28-Jun-2023_14-32.mdl,108.8969247,13.19385791,0.990650892,11.45558715
3,5,SS,PHM C01 SS HBD,data\PHM_Tool_Wear_Data_C01_0p12.csv,RF_Model_PHM_C01_SS_HighNBD.mdl,SS,1,-1,-40,0.12,0.85,100,0.1,800,348,PHM_C01_SS,Separate test set.,40,10,results/MultiRound,,100,70,0.691812632,0.42,0.518259475,0.608225273,0.126238825,0.09486833,0.090551831,0.101283836,0,0,0,0,0,0,0,0,0.25,0.015,0.028138528,0.05952381,0.424918293,0.024152295,0.045322652,0.096184124,0.523083076,0.62,0.566292952,0.5393429,0.057977308,0.09486833,0.068260482,0.060596122,models/3_5_PHM_C01_SS_HighNBD__RF_Model_28-Jun-2023_14-34.mdl,97.19327188,12.93468118,0.991611481,11.67041278
3,6,SS,PHM C04 SS NBD,data\PHM_Tool_Wear_Data_C04_0p098.csv,RF_Model_PHM_C04_SS_NoNBD.mdl,SS,1,-1,-40,0.098,0.95,0,0,800,348,PHM_C04_SS,Separate test set.,40,10,results/MultiRound,,100,70,0.577167685,1,0.731663654,0.630386435,0.02304157,0,0.018282465,0.021893434,0.474916388,0.59,0.525657474,0.493886436,0.049359502,0.080966385,0.060266758,0.052842051,0.498650472,0.98,0.66091954,0.552949554,0.011389104,0.034960295,0.017261943,0.013139154,0.374264069,0.11,0.165766178,0.244049874,0.21982474,0.080966385,0.11105499,0.148905798,models/3_6_PHM_C04_SS_NoNBD__RF_Model_28-Jun-2023_14-36.mdl,157.5210078,13.09982443,1.020333529,11.62306857
3,7,SS,PHM C04 SS LBD,data\PHM_Tool_Wear_Data_C04_0p098.csv,RF_Model_PHM_C04_SS_LowNBD.mdl,SS,1,-1,-40,0.098,0.85,1000,0.05,800,348,PHM_C04_SS,Separate test set.,40,10,results/MultiRound,,100,70,0.749526455,0.98,0.848813015,0.78621901,0.031773116,0.025819889,0.019818711,0.027183351,0.472910207,0.455,0.459340822,0.46601743,0.073521231,0.121220644,0.093265043,0.078644008,0.514659092,0.99,0.677074078,0.569265297,0.014832484,0.021081851,0.01388102,0.014613903,0.539183007,0.29,0.368622368,0.450940023,0.141666694,0.137032032,0.129682437,0.128624625,models/3_7_PHM_C04_SS_LowNBD__RF_Model_28-Jun-2023_14-39.mdl,145.7780356,25.96189713,1.653176069,19.56708002
3,8,SS,PHM C04 SS HBD,data\PHM_Tool_Wear_Data_C04_0p098.csv,RF_Model_PHM_C04_SS_HighNBD.mdl,SS,1,-1,-100,0.098,0.9,100,0.1,800,348,PHM_C04_SS,Separate test set.,40,10,results/MultiRound,,100,70,0.679011149,0.75,0.710539472,0.690779591,0.071825085,0.084983659,0.065653941,0.066569783,0.518143825,0.61,0.556753364,0.532275365,0.04792694,0.128668394,0.072113249,0.053789894,0.4,0.03,0.055411255,0.113095238,0.459468292,0.034960295,0.064138127,0.129196989,0.509545279,0.325,0.390749461,0.451491013,0.097314875,0.092044675,0.087149141,0.088646889,models/3_8_PHM_C04_SS_HighNBD__RF_Model_28-Jun-2023_14-43.mdl,150.9343321,17.02756929,1.165881872,14.78577518
3,9,SS,PHM C06 SS NBD,data\PHM_Tool_Wear_Data_C06_0p13.csv,RF_Model_PHM_C06_SS_NoNBD.mdl,SS,1,-1,-40,0.13,0.95,0,0,800,348,PHM_C06_SS,Separate test set.,40,10,results/MultiRound,,100,70,0.5,1,0.666666667,0.555555556,0,0,0,0,0.460272348,0.475,0.465134032,0.461505098,0.061500009,0.106066017,0.083260573,0.06971421,0.501349528,0.98,0.663276836,0.555599601,0.011389104,0.025819889,0.014247388,0.012230012,0.478597976,0.555,0.508443712,0.488723897,0.099919574,0.109163486,0.079176774,0.085702234,models/3_9_PHM_C06_SS_NoNBD__RF_Model_28-Jun-2023_14-46.mdl,205.6545022,15.21355128,1.046907663,12.92641544
3,10,SS,PHM C06 SS LBD,data\PHM_Tool_Wear_Data_C06_0p13.csv,RF_Model_PHM_C06_SS_LowNBD.mdl,SS,1,-1,-40,0.13,0.95,1000,0.05,800,348,PHM_C06_SS,Separate test set.,40,10,results/MultiRound,,100,70,0,0,0,0,0,0,0,0,0,0,0,0,0,0,0,0,0.497437721,0.965,0.656380284,0.550777711,0.012030423,0.033747428,0.016563413,0.01329953,0.111904762,0.035,0.052818478,0.076680264,0.146255867,0.047434165,0.0707666,0.101395493,models/3_10_PHM_C06_SS_LowNBD__RF_Model_28-Jun-2023_14-50.mdl,118.7983174,16.61427712,1.624808073,16.60723209
3,11,SS,PHM C06 SS HBD,data\PHM_Tool_Wear_Data_C06_0p13.csv,RF_Model_PHM_C06_SS_HighNBD.mdl,SS,1,-1,-40,0.13,0.9,100,0.1,800,348,PHM_C06_SS,Separate test set.,40,10,results/MultiRound,,100,70,0.926057692,0.68,0.782328644,0.86193394,0.047152085,0.071492035,0.05601088,0.045783286,0.52537481,0.7,0.598450165,0.552058478,0.055596345,0.102740233,0.065902849,0.057685054,0.497435897,0.975,0.658698617,0.551429998,0.013531964,0.035355339,0.018740907,0.015090078,0.447619048,0.125,0.191943604,0.287174631,0.14062968,0.042491829,0.059204798,0.08049958,models/3_11_PHM_C06_SS_HighNBD__RF_Model_28-Jun-2023_14-52.mdl,128.2548511,21.08941722,1.044431686,12.34639668
3,12,MS,PHM C01 MS NBD,data\PHM_Tool_Wear_Data_C01_0p12.csv,RF_Model_PHM_C01_MS_NoNBD.mdl,MS,1,-1,-40,0.12,0.925,0,0,800,348,PHM_C04_MS,Separate test set.,40,10,results/MultiRound,,100,70,0.92778879,0.955,0.94083847,0.932881054,0.033231027,0.036893239,0.029239577,0.030328939,0.512142857,0.105,0.168231361,0.271001221,0.35841124,0.086442017,0.131845268,0.198992495,0.3,0.015,0.028571429,0.0625,0.483045892,0.024152295,0.046004371,0.100634561,0.503580808,0.4,0.441999694,0.475473082,0.083631054,0.11055416,0.094326653,0.084158931,models/3_12_PHM_C04_MS_NoNBD__RF_Model_28-Jun-2023_14-55.mdl,176.5294514,22.66594839,1.666113853,13.88833427
3,13,MS,PHM C04 MS NBD,data\PHM_Tool_Wear_Data_C04_0p098.csv,RF_Model_PHM_C04_MS_NoNBD.mdl,MS,1,-1,-50,0.098,0.85,0,0,800,348,PHM_C04_MS,Separate test set.,40,10,results/MultiRound,,100,70,0.881666667,0.12,0.205976473,0.367261905,0.161101532,0.048304589,0.073669552,0.102436981,0.491358921,0.535,0.510221928,0.498295046,0.114321332,0.122587837,0.112645301,0.112554459,0.45,0.035,0.064502165,0.130952381,0.497214463,0.04116363,0.07521485,0.149929647,0.494811275,0.68,0.570703141,0.52226808,0.036279957,0.115950181,0.061129807,0.043383011,models/3_13_PHM_C04_MS_NoNBD__RF_Model_28-Jun-2023_14-59.mdl,166.0225871,25.1591835,2.448913336,15.24501514
3,14,MS,PHM C06 MS NBD,data\PHM_Tool_Wear_Data_C06_0p13.csv,RF_Model_PHM_C06_MS_NoNBD.mdl,MS,1,-1,-40,0.13,0.925,0,0,800,348,PHM_C04_MS,Separate test set.,40,10,results/MultiRound,,100,70,1,0.575,0.72983871,0.870863971,0,0.026352314,0.021251866,0.012110438,0.541878984,0.475,0.501157525,0.523011319,0.074858171,0.11843892,0.094392128,0.079992972,0.483333333,0.03,0.055881799,0.116815476,0.474341649,0.025819889,0.048165598,0.101901027,0.41852782,0.33,0.364706871,0.393595407,0.122451106,0.125166556,0.120419321,0.119487624,models/3_14_PHM_C04_MS_NoNBD__RF_Model_28-Jun-2023_15-02.mdl,185.5507188,19.15145254,1.642326832,12.39794445
4,0,SS,Simulated NBD,data\Simulated_Dasic_2006_Tool_Wear_Model_Train.csv,RF_Model_Dasic_NoNBD.mdl,SS,1,-1,-100,3,1,0,0,800,121,Dasic,Separate test set.,40,10,results/MultiRound,data\Simulated_Dasic_2006_Tool_Wear_Model_Test.csv,1,2,0.954895572,0.94,0.946762121,0.951467391,0.036286326,0.051639778,0.037079041,0.034289809,0.441748678,0.475,0.456047755,0.446964417,0.058389295,0.085796918,0.0659298,0.059784498,0.922777778,0.355,0.511344645,0.696955128,0.111055542,0.015811388,0.027765056,0.057387062,0.630753968,0.185,0.275377009,0.397427572,0.286865287,0.097325342,0.137388351,0.185091513,models/4_0_Dasic_NoNBD__RF_Model_28-Jun-2023_15-06.mdl,59.69749904,22.97172713,1.164519548,13.22045016
4,1,SS,Simulated LBD,data\Simulated_Dasic_2006_Tool_Wear_Model_Train.csv,RF_Model_Dasic_LowNBD.mdl,SS,1,-1,-100,3,1,1000,0.05,800,121,Dasic,Separate test set.,40,10,results/MultiRound,data\Simulated_Dasic_2006_Tool_Wear_Model_Test.csv,1,2,0.9875,0.725,0.83518377,0.920008354,0.026352314,0.042491829,0.027155005,0.019537803,0.482899495,0.52,0.499349235,0.489036001,0.075787356,0.131656118,0.100302205,0.084765603,0.511813838,0.995,0.675844638,0.566835296,0.013324375,0.015811388,0.013166011,0.013408936,0.356666667,0.04,0.06910559,0.125694444,0.377139984,0.031622777,0.053836599,0.097782776,models/4_1_Dasic_LowNBD__RF_Model_28-Jun-2023_15-07.mdl,59.11829305,21.6218214,1.084967375,13.32050991
4,2,SS,Simulated HBD,data\Simulated_Dasic_2006_Tool_Wear_Model_Train.csv,RF_Model_Dasic_HighNBD.mdl,SS,1,-1,-100,3,1,100,0.1,800,121,Dasic,Separate test set.,40,10,results/MultiRound,data\Simulated_Dasic_2006_Tool_Wear_Model_Test.csv,1,2,0.988235294,0.77,0.862850869,0.932986906,0.037203267,0.088819417,0.059754338,0.039192498,0.494134414,0.54,0.51392404,0.501395102,0.057367395,0.102198065,0.072734663,0.061631744,0.375000927,0.585,0.456922092,0.403957371,0.009352154,0.024152295,0.012833554,0.010228103,0.642828806,0.75,0.687691759,0.659014445,0.059070408,0.126929552,0.077572918,0.061984741,models/4_2_Dasic_HighNBD__RF_Model_28-Jun-2023_15-09.mdl,52.53589511,22.59637094,1.493396997,13.43381381
4,3,SS,PHM C01 SS NBD,data\PHM_Tool_Wear_Data_C01_0p12.csv,RF_Model_PHM_C01_SS_NoNBD.mdl,SS,1,-2,-40,0.12,0.95,0,0,800,348,PHM_C01_SS,Separate test set.,40,10,results/MultiRound,,100,70,0.736658751,0.985,0.842304262,0.775470969,0.03350894,0.024152295,0.021350623,0.029075983,0.471436166,0.4,0.430419941,0.453416338,0.155697105,0.147196014,0.14787975,0.151311465,0.496153846,0.975,0.657607637,0.550182053,0.008653187,0.026352314,0.012832124,0.009874212,0.247142857,0.075,0.113665941,0.166207751,0.208746152,0.071686044,0.105217188,0.147660297,models/4_3_PHM_C01_SS_NoNBD__RF_Model_28-Jun-2023_15-11.mdl,173.0469034,18.98734188,1.935345173,21.25146508
4,4,SS,PHM C01 SS LBD,data\PHM_Tool_Wear_Data_C01_0p12.csv,RF_Model_PHM_C01_SS_LowNBD.mdl,SS,1,-1,-100,0.12,0.9,1000,0.05,800,348,PHM_C01_SS,Separate test set.,40,10,results/MultiRound,,100,70,0.914681557,0.86,0.884865384,0.902046911,0.049639341,0.09067647,0.066485843,0.053971065,0.662705628,0.28,0.380606316,0.500579292,0.171298161,0.08232726,0.080006073,0.089594918,0.501495726,0.975,0.662187944,0.555394236,0.013212203,0.026352314,0.014378738,0.013493226,0.414880952,0.105,0.163157398,0.248903874,0.269496307,0.05986095,0.088667472,0.130413398,models/4_4_PHM_C01_SS_LowNBD__RF_Model_28-Jun-2023_15-14.mdl,169.5007446,16.39776087,1.118009806,16.74034548
4,5,SS,PHM C01 SS HBD,data\PHM_Tool_Wear_Data_C01_0p12.csv,RF_Model_PHM_C01_SS_HighNBD.mdl,SS,1,-1,-40,0.12,0.85,100,0.1,800,348,PHM_C01_SS,Separate test set.,40,10,results/MultiRound,,100,70,0.625634581,0.97,0.760100919,0.673203668,0.04223671,0.034960295,0.037532928,0.040833886,0.541408539,0.535,0.533042245,0.536520769,0.089749908,0.139542905,0.10881352,0.094543547,0.510391363,0.975,0.669894418,0.564104449,0.012146923,0.042491829,0.019036542,0.014064299,0.473229271,0.18,0.253352407,0.343734217,0.131118102,0.08232726,0.093239143,0.098880094,models/4_5_PHM_C01_SS_HighNBD__RF_Model_28-Jun-2023_15-18.mdl,134.6827435,13.51759076,1.050358295,11.61267281
4,6,SS,PHM C04 SS NBD,data\PHM_Tool_Wear_Data_C04_0p098.csv,RF_Model_PHM_C04_SS_NoNBD.mdl,SS,1,-1,-40,0.098,0.95,0,0,800,348,PHM_C04_SS,Separate test set.,40,10,results/MultiRound,,100,70,0.889410879,0.975,0.929165723,0.904666514,0.055898393,0.035355339,0.034489783,0.046563354,0.524996422,0.535,0.526747228,0.52496375,0.05813474,0.105540935,0.071466641,0.060288417,0.3,0.02,0.037229437,0.077380952,0.483045892,0.034960295,0.064410257,0.131012492,0.43871556,0.425,0.428226329,0.433437756,0.071673605,0.127475488,0.098469346,0.081517236,models/4_6_PHM_C04_SS_NoNBD__RF_Model_28-Jun-2023_15-20.mdl,168.3933594,17.24691153,2.111386776,19.69132495
4,7,SS,PHM C04 SS LBD,data\PHM_Tool_Wear_Data_C04_0p098.csv,RF_Model_PHM_C04_SS_LowNBD.mdl,SS,1,-1,-40,0.098,0.85,1000,0.05,800,348,PHM_C04_SS,Separate test set.,40,10,results/MultiRound,,100,70,0.694871904,0.99,0.815794715,0.738547171,0.047224968,0.021081851,0.033845935,0.042825481,0.597381671,0.44,0.50307528,0.554191571,0.089025083,0.110050493,0.09666093,0.087969701,0.2,0.01,0.019047619,0.041666667,0.421637021,0.021081851,0.040155907,0.087841046,0.303333333,0.04,0.069725955,0.127331349,0.308400893,0.031622777,0.056588195,0.109449692,models/4_7_PHM_C04_SS_LowNBD__RF_Model_28-Jun-2023_15-24.mdl,151.6484911,25.67507386,1.173888683,13.66873813
4,8,SS,PHM C04 SS HBD,data\PHM_Tool_Wear_Data_C04_0p098.csv,RF_Model_PHM_C04_SS_HighNBD.mdl,SS,1,-1,-100,0.098,0.9,100,0.1,800,348,PHM_C04_SS,Separate test set.,40,10,results/MultiRound,,100,70,0.772727273,0.365,0.488386713,0.620437406,0.085031669,0.122587837,0.133015954,0.121622615,0.503368822,0.52,0.508921512,0.504961821,0.07122267,0.115950181,0.087436959,0.075932808,0.481498705,0.92,0.632076246,0.532206408,0.013170064,0.042163702,0.020856409,0.01549908,0.554881042,0.415,0.473700181,0.518873188,0.07185608,0.033747428,0.042865143,0.057069567,models/4_8_PHM_C04_SS_HighNBD__RF_Model_28-Jun-2023_15-27.mdl,157.4523504,26.88771796,1.09315753,11.83822298
4,9,SS,PHM C06 SS NBD,data\PHM_Tool_Wear_Data_C06_0p13.csv,RF_Model_PHM_C06_SS_NoNBD.mdl,SS,1,-1,-40,0.13,0.95,0,0,800,348,PHM_C06_SS,Separate test set.,40,10,results/MultiRound,,100,70,0,0,0,0,0,0,0,0,0.506829004,0.47,0.485980022,0.497797763,0.119655538,0.141813649,0.129196065,0.122934711,0.4,0.025,0.046753247,0.098214286,0.459468292,0.026352314,0.049307594,0.104095781,0.295,0.06,0.099109253,0.163699495,0.285238691,0.051639778,0.087120084,0.148722168,models/4_9_PHM_C06_SS_NoNBD__RF_Model_28-Jun-2023_15-30.mdl,167.1173639,25.4192009,1.670113087,19.07015109
4,10,SS,PHM C06 SS LBD,data\PHM_Tool_Wear_Data_C06_0p13.csv,RF_Model_PHM_C06_SS_LowNBD.mdl,SS,1,-1,-40,0.13,0.95,1000,0.05,800,348,PHM_C06_SS,Separate test set.,40,10,results/MultiRound,,100,70,0.991666667,0.605,0.748823968,0.87639365,0.026352314,0.079756574,0.065813678,0.042896251,0.493412698,0.535,0.511969288,0.500390971,0.080189763,0.124833222,0.097701078,0.086252072,0.498717949,0.975,0.659848042,0.552699965,0.009459805,0.026352314,0.013278138,0.01056966,0.473624709,0.295,0.362521121,0.421435866,0.127717233,0.05986095,0.081292045,0.104189915,models/4_10_PHM_C06_SS_LowNBD__RF_Model_28-Jun-2023_15-34.mdl,148.3433852,16.59236121,1.29260397,15.10644317
4,11,SS,PHM C06 SS HBD,data\PHM_Tool_Wear_Data_C06_0p13.csv,RF_Model_PHM_C06_SS_HighNBD.mdl,SS,1,-1,-40,0.13,0.9,100,0.1,800,348,PHM_C06_SS,Separate test set.,40,10,results/MultiRound,,100,70,0.657696764,0.935,0.771364867,0.698768891,0.044051552,0.05797509,0.04196771,0.042678133,0.495461146,0.455,0.468564524,0.4822469,0.0968268,0.11890706,0.097828884,0.090923702,0.49217274,0.96,0.650672122,0.545300388,0.012604425,0.039440532,0.01961133,0.014727186,0.548352708,0.655,0.594915843,0.565679074,0.058603493,0.055025247,0.04476558,0.05191192,models/4_11_PHM_C06_SS_HighNBD__RF_Model_28-Jun-2023_15-37.mdl,179.7673099,15.16876483,1.039278507,12.2867465
4,12,MS,PHM C01 MS NBD,data\PHM_Tool_Wear_Data_C01_0p12.csv,RF_Model_PHM_C01_MS_NoNBD.mdl,MS,1,-1,-40,0.12,0.925,0,0,800,348,PHM_C04_MS,Separate test set.,40,10,results/MultiRound,,100,70,0,0,0,0,0,0,0,0,0.491466941,0.885,0.631532361,0.539259964,0.023578681,0.070906825,0.035300805,0.02688772,0.5000693,0.97,0.659848042,0.553692028,0.010564063,0.025819889,0.013278138,0.011307299,0.535333214,0.49,0.508505692,0.523399845,0.114992207,0.148698053,0.126735319,0.118064261,models/4_12_PHM_C04_MS_NoNBD__RF_Model_28-Jun-2023_15-40.mdl,217.1784332,16.77257228,1.727687359,15.08880997
4,13,MS,PHM C04 MS NBD,data\PHM_Tool_Wear_Data_C04_0p098.csv,RF_Model_PHM_C04_MS_NoNBD.mdl,MS,1,-1,-50,0.098,0.85,0,0,800,348,PHM_C04_MS,Separate test set.,40,10,results/MultiRound,,100,70,0.908333333,0.15,0.248689354,0.419890873,0.168737139,0.08819171,0.131115239,0.176851826,0.46683899,0.55,0.503031866,0.480313651,0.079991603,0.126929552,0.094271851,0.084124588,0.35,0.02,0.037662338,0.080357143,0.474341649,0.025819889,0.048637926,0.104095781,0.414007937,0.215,0.278115535,0.343609944,0.155798326,0.12030055,0.131803838,0.141924942,models/4_13_PHM_C04_MS_NoNBD__RF_Model_28-Jun-2023_15-45.mdl,238.4258447,29.63535166,1.922488451,14.01472259
4,14,MS,PHM C06 MS NBD,data\PHM_Tool_Wear_Data_C06_0p13.csv,RF_Model_PHM_C06_MS_NoNBD.mdl,MS,1,-1,-40,0.13,0.925,0,0,800,348,PHM_C04_MS,Separate test set.,40,10,results/MultiRound,,100,70,0,0,0,0,0,0,0,0,0.498717949,0.995,0.66440678,0.553977273,0.004054202,0.015811388,0.00714639,0.004990969,0.35,0.025,0.046320346,0.095238095,0.474341649,0.035355339,0.064984749,0.131462451,0.563912476,0.265,0.35709289,0.45536607,0.123555408,0.078351062,0.09366419,0.106881186,models/4_14_PHM_C04_MS_NoNBD__RF_Model_28-Jun-2023_15-49.mdl,196.3402021,16.84016776,1.553448677,13.09686089
