,Round,expt_n,environment,environment_info,data_file,Model_name,environment.1,R1,R2,R3,wear_threshold,threshold_factor,add_noise,breakdown_chance,episodes,milling_operations_max,version_prefix,test_info,test_cases,test_rounds,results_folder,test_file,train_sample_rate,test_sample_rate,RF_Pr,RF_Rc,RF_F1,RF_F05,RF_Pr_sd,RF_Rc_sd,RF_F1_sd,RF_F05_sd,A2C_Pr,A2C_Rc,A2C_F1,A2C_F05,A2C_Pr_sd,A2C_Rc_sd,A2C_F1_sd,A2C_F05_sd,DQN_Pr,DQN_Rc,DQN_F1,DQN_F05,DQN_Pr_sd,DQN_Rc_sd,DQN_F1_sd,DQN_F05_sd,PPO_Pr,PPO_Rc,PPO_F1,PPO_F05,PPO_Pr_sd,PPO_Rc_sd,PPO_F1_sd,PPO_F05_sd,model_file,RF_time,A2C_time,DQN_time,PPO_time
0,0,0,SS,Simulated NBD,data\Simulated_Dasic_2006_Tool_Wear_Model_Train.csv,RF_Model_Dasic_NoNBD.mdl,SS,1,-1,-100,3.0,1.0,0,0.0,800,121,Dasic,Separate test set.,40,10,results/MultiRound,data\Simulated_Dasic_2006_Tool_Wear_Model_Test.csv,1,2,1.0,0.77,0.868217733,0.942119586,0.0,0.075277265,0.048086815,0.022769648,0.520252345,0.695,0.593376342,0.546946371,0.090746712,0.13426756,0.10247528,0.094021583,0.505264982,0.98,0.666565083,0.55939372,0.009203267,0.034960295,0.012270365,0.009629559,0.438015873,0.105,0.165062114,0.257368326,0.242103952,0.049721446,0.072139936,0.112022502,models/0_0_Dasic_NoNBD__RF_Model_28-Jun-2023_12-16.mdl,49.70576191,13.45518899,1.0104599,12.96018028
1,0,1,SS,Simulated LBD,data\Simulated_Dasic_2006_Tool_Wear_Model_Train.csv,RF_Model_Dasic_LowNBD.mdl,SS,1,-1,-100,3.0,1.0,1000,0.05,800,121,Dasic,Separate test set.,40,10,results/MultiRound,data\Simulated_Dasic_2006_Tool_Wear_Model_Test.csv,1,2,1.0,0.635,0.775398605,0.895567273,0.0,0.05797509,0.042642692,0.022539314,0.568743756,0.29,0.378766311,0.470392628,0.148425605,0.117378779,0.128154851,0.135486511,0.506477733,0.99,0.670095461,0.561296101,0.012576298,0.021081851,0.015168348,0.013472046,0.175,0.025,0.043511199,0.078621032,0.19424593,0.026352314,0.045899616,0.083404902,models/0_1_Dasic_LowNBD__RF_Model_28-Jun-2023_12-17.mdl,49.0077939,13.39702415,1.01928544,11.67935848
2,0,2,SS,Simulated HBD,data\Simulated_Dasic_2006_Tool_Wear_Model_Train.csv,RF_Model_Dasic_HighNBD.mdl,SS,1,-1,-100,3.0,1.0,100,0.1,800,121,Dasic,Separate test set.,40,10,results/MultiRound,data\Simulated_Dasic_2006_Tool_Wear_Model_Test.csv,1,2,0.955133668,0.91,0.930509803,0.944723881,0.042034856,0.056764621,0.032594217,0.032411121,0.484089907,0.525,0.501111561,0.490244927,0.06088484,0.116069902,0.078017223,0.065343004,0.35,0.03,0.054225485,0.10639881,0.388491861,0.025819889,0.04676814,0.093528624,0.422896825,0.15,0.219041233,0.305824037,0.19031556,0.08819171,0.118818688,0.151717273,models/0_2_Dasic_HighNBD__RF_Model_28-Jun-2023_12-18.mdl,48.78949952,12.95399094,0.972429991,11.3696506
3,0,3,SS,PHM C01 SS NBD,data\PHM_Tool_Wear_Data_C01_0p12.csv,RF_Model_PHM_C01_SS_NoNBD.mdl,SS,1,-2,-40,0.12,0.95,0,0.0,800,348,PHM_C01_SS,Separate test set.,40,10,results/MultiRound,,100,70,0.992857143,0.57,0.72035149,0.860302564,0.022587698,0.085634884,0.068236431,0.03895646,0.546543362,0.43,0.475526008,0.513566206,0.097189948,0.088819417,0.076350092,0.080070483,0.225,0.03,0.052602108,0.096478175,0.20805537,0.025819889,0.04532336,0.08381689,0.516873543,0.375,0.432575315,0.478660283,0.083112425,0.082495791,0.079150171,0.078769113,models/0_3_PHM_C01_SS_NoNBD__RF_Model_28-Jun-2023_12-20.mdl,148.2855339,14.40983224,1.086107492,14.10984898
4,0,4,SS,PHM C01 SS LBD,data\PHM_Tool_Wear_Data_C01_0p12.csv,RF_Model_PHM_C01_SS_LowNBD.mdl,SS,1,-1,-100,0.12,0.9,1000,0.05,800,348,PHM_C01_SS,Separate test set.,40,10,results/MultiRound,,100,70,0.909306723,0.675,0.772606647,0.848398909,0.046504112,0.058925565,0.038628947,0.033871438,0.0,0.0,0.0,0.0,0.0,0.0,0.0,0.0,0.769343305,0.98,0.861702782,0.80375533,0.028035231,0.025819889,0.022296038,0.025550406,0.599606227,0.425,0.495863243,0.552715749,0.139465574,0.106066017,0.117632727,0.128710615,models/0_4_PHM_C01_SS_LowNBD__RF_Model_28-Jun-2023_12-23.mdl,159.4974172,13.48565626,1.104962587,12.73389053
5,0,5,SS,PHM C01 SS HBD,data\PHM_Tool_Wear_Data_C01_0p12.csv,RF_Model_PHM_C01_SS_HighNBD.mdl,SS,1,-1,-40,0.12,0.85,100,0.1,800,348,PHM_C01_SS,Separate test set.,40,10,results/MultiRound,,100,70,0.939416972,0.675,0.782741658,0.868715694,0.06055419,0.085796918,0.06463409,0.054273352,0.506589327,0.795,0.617986823,0.545841764,0.049597155,0.09846037,0.062370075,0.053339868,0.266666667,0.025,0.045096932,0.087797619,0.438853726,0.042491829,0.076038411,0.14587888,0.413882506,0.16,0.225996023,0.305941801,0.149761735,0.073786479,0.096347895,0.120821255,models/0_5_PHM_C01_SS_HighNBD__RF_Model_28-Jun-2023_12-26.mdl,67.66081882,18.41488051,1.264644861,11.72379613
6,0,6,SS,PHM C04 SS NBD,data\PHM_Tool_Wear_Data_C04_0p098.csv,RF_Model_PHM_C04_SS_NoNBD.mdl,SS,1,-1,-40,0.098,0.95,0,0.0,800,348,PHM_C04_SS,Separate test set.,40,10,results/MultiRound,,100,70,0.5,1.0,0.666666667,0.555555556,0.0,0.0,0.0,0.0,0.428556518,0.335,0.372231437,0.402715158,0.075370133,0.097325342,0.081352415,0.074049237,0.5,0.985,0.663257354,0.554601245,0.008547009,0.024152295,0.011984509,0.009535699,0.41547619,0.085,0.139412238,0.229166667,0.325660462,0.074721706,0.118463493,0.187306999,models/0_6_PHM_C04_SS_NoNBD__RF_Model_28-Jun-2023_12-27.mdl,164.8852267,13.75899291,1.216297388,12.35027909
7,0,7,SS,PHM C04 SS LBD,data\PHM_Tool_Wear_Data_C04_0p098.csv,RF_Model_PHM_C04_SS_LowNBD.mdl,SS,1,-1,-40,0.098,0.85,1000,0.05,800,348,PHM_C04_SS,Separate test set.,40,10,results/MultiRound,,100,70,0.618073285,0.985,0.759316113,0.667729452,0.020451455,0.024152295,0.018085873,0.019595342,0.523310105,0.52,0.517009055,0.519557217,0.07688676,0.115950181,0.08712418,0.077894683,0.616666667,0.055,0.099322417,0.194196429,0.458459579,0.049721446,0.087039232,0.159828864,0.266666667,0.04,0.068906456,0.122519841,0.207126132,0.031622777,0.053580126,0.093234031,models/0_7_PHM_C04_SS_LowNBD__RF_Model_28-Jun-2023_12-31.mdl,144.1027489,13.95856762,1.074677229,12.4725318
8,0,8,SS,PHM C04 SS HBD,data\PHM_Tool_Wear_Data_C04_0p098.csv,RF_Model_PHM_C04_SS_HighNBD.mdl,SS,1,-1,-100,0.098,0.9,100,0.1,800,348,PHM_C04_SS,Separate test set.,40,10,results/MultiRound,,100,70,0.732020315,0.925,0.815640043,0.763022554,0.049644207,0.042491829,0.028897657,0.040946334,0.493257021,0.52,0.504165394,0.497099471,0.083334561,0.127366488,0.098753463,0.087801085,0.501353175,0.975,0.662068966,0.555256678,0.018237498,0.042491829,0.023876666,0.019940753,0.365833333,0.09,0.141852524,0.220456974,0.184610451,0.06992059,0.100033528,0.135782447,models/0_8_PHM_C04_SS_HighNBD__RF_Model_28-Jun-2023_12-33.mdl,135.6539407,28.95335102,2.824549675,27.19143939
9,0,9,SS,PHM C06 SS NBD,data\PHM_Tool_Wear_Data_C06_0p13.csv,RF_Model_PHM_C06_SS_NoNBD.mdl,SS,1,-1,-40,0.13,0.95,0,0.0,800,348,PHM_C06_SS,Separate test set.,40,10,results/MultiRound,,100,70,0.848142292,0.995,0.915289104,0.873700055,0.034359055,0.015811388,0.020181794,0.028922261,0.502953909,0.45,0.471449666,0.488658811,0.100148041,0.11785113,0.105886793,0.100720835,0.066666667,0.01,0.017391304,0.03125,0.210818511,0.031622777,0.054996133,0.098821177,0.512287157,0.195,0.277975137,0.37860733,0.177259263,0.0831665,0.108803055,0.137293581,models/0_9_PHM_C06_SS_NoNBD__RF_Model_28-Jun-2023_12-37.mdl,185.8955991,27.12025261,1.42361784,14.10687947
10,0,10,SS,PHM C06 SS LBD,data\PHM_Tool_Wear_Data_C06_0p13.csv,RF_Model_PHM_C06_SS_LowNBD.mdl,SS,1,-1,-40,0.13,0.95,1000,0.05,800,348,PHM_C06_SS,Separate test set.,40,10,results/MultiRound,,100,70,0.0,0.0,0.0,0.0,0.0,0.0,0.0,0.0,0.0,0.0,0.0,0.0,0.0,0.0,0.0,0.0,0.493522267,0.96,0.65186051,0.546629082,0.011028943,0.031622777,0.016180961,0.01257481,0.235,0.045,0.074757576,0.124801587,0.193002591,0.036893239,0.060542568,0.09960436,models/0_10_PHM_C06_SS_LowNBD__RF_Model_28-Jun-2023_12-41.mdl,143.2929327,14.28532815,1.082159042,12.61567044
11,0,11,SS,PHM C06 SS HBD,data\PHM_Tool_Wear_Data_C06_0p13.csv,RF_Model_PHM_C06_SS_HighNBD.mdl,SS,1,-1,-40,0.13,0.9,100,0.1,800,348,PHM_C06_SS,Separate test set.,40,10,results/MultiRound,,100,70,0.695952936,0.345,0.454988636,0.569683323,0.131387157,0.106588513,0.119031339,0.12544978,0.545588148,0.545,0.541533584,0.543058214,0.06488329,0.095597536,0.062778402,0.058787136,0.50391363,0.975,0.664367816,0.557794515,0.010710599,0.026352314,0.014024419,0.011677324,0.594370284,0.56,0.573131671,0.584637706,0.069228625,0.102198065,0.076380725,0.067403317,models/0_11_PHM_C06_SS_HighNBD__RF_Model_28-Jun-2023_12-43.mdl,154.7627676,25.466609,1.814424515,14.4129827
12,0,12,MS,PHM C01 MS NBD,data\PHM_Tool_Wear_Data_C01_0p12.csv,RF_Model_PHM_C01_MS_NoNBD.mdl,MS,1,-1,-40,0.12,0.925,0,0.0,800,348,PHM_C04_MS,Separate test set.,40,10,results/MultiRound,,100,70,0.0,0.0,0.0,0.0,0.0,0.0,0.0,0.0,0.489547968,0.495,0.490043085,0.489209286,0.122389933,0.146154408,0.127893159,0.122915919,0.4,0.04,0.071221532,0.135416667,0.438853726,0.045946829,0.080382947,0.147722551,0.477163947,0.235,0.311405742,0.390419558,0.128512513,0.091439111,0.112412789,0.126855357,models/0_12_PHM_C04_MS_NoNBD__RF_Model_28-Jun-2023_12-47.mdl,198.5053272,16.41660404,1.605163336,14.25226378
13,0,13,MS,PHM C04 MS NBD,data\PHM_Tool_Wear_Data_C04_0p098.csv,RF_Model_PHM_C04_MS_NoNBD.mdl,MS,1,-1,-50,0.098,0.85,0,0.0,800,348,PHM_C04_MS,Separate test set.,40,10,results/MultiRound,,100,70,0.777687174,0.525,0.621664131,0.70439146,0.084709649,0.06770032,0.049011144,0.052742613,0.495882042,0.845,0.624474893,0.540333616,0.024047045,0.05986095,0.030680671,0.025620481,0.498650472,0.975,0.659809079,0.552641238,0.014239489,0.035355339,0.020238731,0.016135964,0.484098831,0.68,0.564946295,0.513399861,0.050125068,0.103279556,0.068400657,0.05613897,models/0_13_PHM_C04_MS_NoNBD__RF_Model_28-Jun-2023_12-51.mdl,186.7309868,17.29092073,1.58911705,15.28063941
14,0,14,MS,PHM C06 MS NBD,data\PHM_Tool_Wear_Data_C06_0p13.csv,RF_Model_PHM_C06_MS_NoNBD.mdl,MS,1,-1,-40,0.13,0.925,0,0.0,800,348,PHM_C04_MS,Separate test set.,40,10,results/MultiRound,,100,70,1.0,0.525,0.6876066,0.84567577,0.0,0.042491829,0.036626071,0.022305976,0.0,0.0,0.0,0.0,0.0,0.0,0.0,0.0,0.498650472,0.98,0.66091954,0.552949554,0.011389104,0.034960295,0.017261943,0.013139154,0.50326638,0.57,0.530626033,0.512999113,0.056490784,0.137840488,0.088240473,0.066746481,models/0_14_PHM_C04_MS_NoNBD__RF_Model_28-Jun-2023_12-54.mdl,187.4711552,23.42860937,1.751092196,13.16356063
15,1,0,SS,Simulated NBD,data\Simulated_Dasic_2006_Tool_Wear_Model_Train.csv,RF_Model_Dasic_NoNBD.mdl,SS,1,-1,-100,3.0,1.0,0,0.0,800,121,Dasic,Separate test set.,40,10,results/MultiRound,data\Simulated_Dasic_2006_Tool_Wear_Model_Test.csv,1,2,1.0,0.65,0.787210339,0.902132783,0.0,0.040824829,0.030023769,0.015808832,0.0,0.0,0.0,0.0,0.0,0.0,0.0,0.0,0.495940171,0.97,0.656194512,0.549619672,0.012598988,0.048304589,0.021689488,0.015283661,0.185,0.045,0.072076923,0.113257576,0.154650143,0.043779752,0.067771629,0.101484314,models/1_0_Dasic_NoNBD__RF_Model_28-Jun-2023_12-58.mdl,51.67259645,14.60148668,1.096240044,14.9131484
16,1,1,SS,Simulated LBD,data\Simulated_Dasic_2006_Tool_Wear_Model_Train.csv,RF_Model_Dasic_LowNBD.mdl,SS,1,-1,-100,3.0,1.0,1000,0.05,800,121,Dasic,Separate test set.,40,10,results/MultiRound,data\Simulated_Dasic_2006_Tool_Wear_Model_Test.csv,1,2,0.873769998,0.99,0.92774115,0.894484267,0.036417435,0.021081851,0.021669712,0.030449707,0.491909019,0.42,0.446714881,0.470601458,0.066039198,0.135810325,0.100203948,0.078731353,0.493452967,0.965,0.652910476,0.546869232,0.011075306,0.04116363,0.018596624,0.013288017,0.474285714,0.1,0.158005527,0.248381133,0.261420428,0.062360956,0.091896298,0.127316345,models/1_1_Dasic_LowNBD__RF_Model_28-Jun-2023_12-59.mdl,56.61278749,16.09213686,1.168504715,11.96458554
17,1,2,SS,Simulated HBD,data\Simulated_Dasic_2006_Tool_Wear_Model_Train.csv,RF_Model_Dasic_HighNBD.mdl,SS,1,-1,-100,3.0,1.0,100,0.1,800,121,Dasic,Separate test set.,40,10,results/MultiRound,data\Simulated_Dasic_2006_Tool_Wear_Model_Test.csv,1,2,1.0,0.73,0.841224831,0.928803653,0.0,0.088819417,0.058648463,0.028560978,0.5811898,0.61,0.59299733,0.585350529,0.058278426,0.096609178,0.067335047,0.05896879,0.3,0.02,0.037229437,0.077380952,0.421637021,0.025819889,0.048084654,0.100389767,0.2475,0.065,0.101380952,0.155021368,0.223746508,0.066874675,0.10009153,0.146254792,models/1_2_Dasic_HighNBD__RF_Model_28-Jun-2023_13-01.mdl,46.16539979,22.3789475,1.361405611,13.50168681
18,1,3,SS,PHM C01 SS NBD,data\PHM_Tool_Wear_Data_C01_0p12.csv,RF_Model_PHM_C01_SS_NoNBD.mdl,SS,1,-2,-40,0.12,0.95,0,0.0,800,348,PHM_C01_SS,Separate test set.,40,10,results/MultiRound,,100,70,0.882549407,0.995,0.934726165,0.902562489,0.040785662,0.015811388,0.019697547,0.032559829,0.570516114,0.62,0.590951055,0.577638358,0.082425302,0.135810325,0.102326962,0.08781345,0.5,0.985,0.663257354,0.554601245,0.008547009,0.024152295,0.011984509,0.009535699,0.642673481,0.69,0.660174207,0.648420054,0.096930284,0.114987922,0.084541508,0.087836273,models/1_3_PHM_C01_SS_NoNBD__RF_Model_28-Jun-2023_13-02.mdl,158.7649841,14.23394394,1.012329817,11.7168057
19,1,4,SS,PHM C01 SS LBD,data\PHM_Tool_Wear_Data_C01_0p12.csv,RF_Model_PHM_C01_SS_LowNBD.mdl,SS,1,-1,-100,0.12,0.9,1000,0.05,800,348,PHM_C01_SS,Separate test set.,40,10,results/MultiRound,,100,70,0.0,0.0,0.0,0.0,0.0,0.0,0.0,0.0,0.0,0.0,0.0,0.0,0.0,0.0,0.0,0.0,0.611374633,0.975,0.751356271,0.660584316,0.016160756,0.035355339,0.020080687,0.017118922,0.276190476,0.06,0.097584541,0.157986111,0.270179527,0.06146363,0.098159013,0.156239283,models/1_4_PHM_C01_SS_LowNBD__RF_Model_28-Jun-2023_13-05.mdl,107.512476,14.17869186,1.0092628,12.90815711
20,1,5,SS,PHM C01 SS HBD,data\PHM_Tool_Wear_Data_C01_0p12.csv,RF_Model_PHM_C01_SS_HighNBD.mdl,SS,1,-1,-40,0.12,0.85,100,0.1,800,348,PHM_C01_SS,Separate test set.,40,10,results/MultiRound,,100,70,0.776337551,0.415,0.533132038,0.650493421,0.111191389,0.085146932,0.079648888,0.068769994,0.503014511,0.515,0.506569041,0.503835822,0.057309235,0.117968922,0.085091072,0.067433721,0.505195682,0.98,0.666627703,0.559372798,0.015406861,0.034960295,0.020249563,0.016907133,0.508505232,0.66,0.573134336,0.532306757,0.069536526,0.114987922,0.084053036,0.074023604,models/1_5_PHM_C01_SS_HighNBD__RF_Model_28-Jun-2023_13-08.mdl,129.3456352,13.30386186,1.02527976,11.72535157
21,1,6,SS,PHM C04 SS NBD,data\PHM_Tool_Wear_Data_C04_0p098.csv,RF_Model_PHM_C04_SS_NoNBD.mdl,SS,1,-1,-40,0.098,0.95,0,0.0,800,348,PHM_C04_SS,Separate test set.,40,10,results/MultiRound,,100,70,0.758831899,0.975,0.851815156,0.793212767,0.075822039,0.035355339,0.054601643,0.068412831,0.547021839,0.56,0.551648004,0.548447396,0.052554116,0.080966385,0.059752061,0.053371031,0.505195682,0.985,0.667816092,0.559710477,0.012511164,0.024152295,0.01556172,0.013504647,0.561400266,0.405,0.46757526,0.518471053,0.093869264,0.068516016,0.067082951,0.076130292,models/1_6_PHM_C04_SS_NoNBD__RF_Model_28-Jun-2023_13-10.mdl,158.8699851,13.94445205,0.972788095,12.61280084
22,1,7,SS,PHM C04 SS LBD,data\PHM_Tool_Wear_Data_C04_0p098.csv,RF_Model_PHM_C04_SS_LowNBD.mdl,SS,1,-1,-40,0.098,0.85,1000,0.05,800,348,PHM_C04_SS,Separate test set.,40,10,results/MultiRound,,100,70,0.622873551,0.9,0.735323937,0.663320923,0.043805871,0.08819171,0.055177615,0.046789905,0.517816696,0.555,0.532957115,0.523173424,0.039679888,0.101242284,0.060707592,0.045110889,0.502562279,0.98,0.664287838,0.556772039,0.010402183,0.034960295,0.015256853,0.011675523,0.265,0.05,0.083753623,0.141319444,0.258968753,0.052704628,0.087187788,0.144068633,models/1_7_PHM_C04_SS_LowNBD__RF_Model_28-Jun-2023_13-13.mdl,141.441999,24.53692842,1.778637171,18.09789371
23,1,8,SS,PHM C04 SS HBD,data\PHM_Tool_Wear_Data_C04_0p098.csv,RF_Model_PHM_C04_SS_HighNBD.mdl,SS,1,-1,-100,0.098,0.9,100,0.1,800,348,PHM_C04_SS,Separate test set.,40,10,results/MultiRound,,100,70,0.632457757,0.98,0.768496229,0.680614787,0.011536923,0.034960295,0.013802212,0.011122951,0.493176088,0.915,0.640594466,0.543143397,0.017266409,0.05797509,0.025912148,0.019545922,0.498717949,0.975,0.659848042,0.552699965,0.015600686,0.035355339,0.020989155,0.017306268,0.445845865,0.33,0.377610249,0.415196078,0.06331911,0.078881064,0.070783702,0.065481016,models/1_8_PHM_C04_SS_HighNBD__RF_Model_28-Jun-2023_13-17.mdl,130.7326205,21.02960896,2.938145638,16.73593163
24,1,9,SS,PHM C06 SS NBD,data\PHM_Tool_Wear_Data_C06_0p13.csv,RF_Model_PHM_C06_SS_NoNBD.mdl,SS,1,-1,-40,0.13,0.95,0,0.0,800,348,PHM_C06_SS,Separate test set.,40,10,results/MultiRound,,100,70,0.563757034,1.0,0.720918458,0.617601403,0.015297012,0.0,0.012549088,0.014703453,0.516917817,0.585,0.543354141,0.526015614,0.120156754,0.17958285,0.132671108,0.121192093,0.5,0.025,0.047619048,0.104166667,0.527046277,0.026352314,0.050194883,0.109801308,0.313849206,0.145,0.196664438,0.252293978,0.193885607,0.092646281,0.123845797,0.157196762,models/1_9_PHM_C06_SS_NoNBD__RF_Model_28-Jun-2023_13-19.mdl,161.1212265,28.20912957,1.108088255,12.16715884
25,1,10,SS,PHM C06 SS LBD,data\PHM_Tool_Wear_Data_C06_0p13.csv,RF_Model_PHM_C06_SS_LowNBD.mdl,SS,1,-1,-40,0.13,0.95,1000,0.05,800,348,PHM_C06_SS,Separate test set.,40,10,results/MultiRound,,100,70,0.0,0.0,0.0,0.0,0.0,0.0,0.0,0.0,0.480719836,0.52,0.497377032,0.486798319,0.068663161,0.09486833,0.072641937,0.068454771,0.5,0.975,0.660977986,0.553962591,0.010467905,0.026352314,0.014359601,0.011647845,0.516715198,0.945,0.667777416,0.568086466,0.022044765,0.049721446,0.026652578,0.023210869,models/1_10_PHM_C06_SS_LowNBD__RF_Model_28-Jun-2023_13-23.mdl,101.0129557,13.25984883,0.975427389,12.15264106
26,1,11,SS,PHM C06 SS HBD,data\PHM_Tool_Wear_Data_C06_0p13.csv,RF_Model_PHM_C06_SS_HighNBD.mdl,SS,1,-1,-40,0.13,0.9,100,0.1,800,348,PHM_C06_SS,Separate test set.,40,10,results/MultiRound,,100,70,0.719000112,0.98,0.829105415,0.759280573,0.03366896,0.025819889,0.026940721,0.031178065,0.480342158,0.205,0.282845801,0.371661325,0.139107528,0.0831665,0.10336449,0.122222827,0.61093318,0.945,0.741791855,0.657273264,0.023885602,0.072456884,0.03950225,0.028860722,0.428320568,0.3,0.350669966,0.392588936,0.139258613,0.105409255,0.115923574,0.127116676,models/1_11_PHM_C06_SS_HighNBD__RF_Model_28-Jun-2023_13-25.mdl,120.3688734,13.30337739,0.985359669,11.87246656
27,1,12,MS,PHM C01 MS NBD,data\PHM_Tool_Wear_Data_C01_0p12.csv,RF_Model_PHM_C01_MS_NoNBD.mdl,MS,1,-1,-40,0.12,0.925,0,0.0,800,348,PHM_C04_MS,Separate test set.,40,10,results/MultiRound,,100,70,0.721893275,0.6,0.652151211,0.691231656,0.102512033,0.102740233,0.096119013,0.097100245,0.513841485,0.595,0.54895197,0.526799223,0.02704274,0.09846037,0.054861924,0.035595265,0.935714286,0.27,0.417321937,0.622790404,0.083276625,0.042163702,0.053489273,0.059409998,0.42,0.14,0.20635133,0.292926865,0.154969133,0.06992059,0.094125823,0.120446771,models/1_12_PHM_C04_MS_NoNBD__RF_Model_28-Jun-2023_13-27.mdl,170.9098759,23.52798772,2.111656904,19.77816081
28,1,13,MS,PHM C04 MS NBD,data\PHM_Tool_Wear_Data_C04_0p098.csv,RF_Model_PHM_C04_MS_NoNBD.mdl,MS,1,-1,-50,0.098,0.85,0,0.0,800,348,PHM_C04_MS,Separate test set.,40,10,results/MultiRound,,100,70,0.716666667,0.115,0.191929809,0.328215188,0.401001832,0.085146932,0.132844445,0.204591642,0.508151147,0.885,0.645213303,0.55529334,0.020606126,0.070906825,0.034145355,0.024580149,0.506475909,0.98,0.667755596,0.560633327,0.01540013,0.034960295,0.020570637,0.017019967,0.451616809,0.35,0.389894636,0.423139659,0.070544853,0.105409255,0.085080906,0.072960882,models/1_13_PHM_C04_MS_NoNBD__RF_Model_28-Jun-2023_13-31.mdl,174.4267027,22.36091447,1.804778337,13.074543
29,1,14,MS,PHM C06 MS NBD,data\PHM_Tool_Wear_Data_C06_0p13.csv,RF_Model_PHM_C06_MS_NoNBD.mdl,MS,1,-1,-40,0.13,0.925,0,0.0,800,348,PHM_C04_MS,Separate test set.,40,10,results/MultiRound,,100,70,0.5,0.03,0.056277056,0.119047619,0.527046277,0.034960295,0.064694118,0.133099284,0.526075729,0.845,0.647517157,0.568626385,0.050378406,0.086442017,0.058430329,0.052702925,0.49224996,0.93,0.643632896,0.543357369,0.012909248,0.025819889,0.014337931,0.013251485,0.463041126,0.29,0.352823522,0.409639147,0.118929664,0.09067647,0.094696139,0.102044696,models/1_14_PHM_C04_MS_NoNBD__RF_Model_28-Jun-2023_13-35.mdl,188.1760814,19.44284201,1.646779299,12.87896848
30,2,0,SS,Simulated NBD,data\Simulated_Dasic_2006_Tool_Wear_Model_Train.csv,RF_Model_Dasic_NoNBD.mdl,SS,1,-1,-100,3.0,1.0,0,0.0,800,121,Dasic,Separate test set.,40,10,results/MultiRound,data\Simulated_Dasic_2006_Tool_Wear_Model_Test.csv,1,2,0.797435897,1.0,0.887132191,0.831015944,0.023562476,0.0,0.014551045,0.020454966,0.532718703,0.535,0.531521264,0.53169682,0.095685152,0.127038927,0.105720538,0.098286331,0.501282051,0.99,0.665517241,0.556179528,0.007277516,0.021081851,0.009916145,0.007989451,0.594345238,0.51,0.546967131,0.573845148,0.085392345,0.073786479,0.072518569,0.077855289,models/2_0_Dasic_NoNBD__RF_Model_28-Jun-2023_13-38.mdl,64.07932687,24.80123448,1.149954319,12.40453243
31,2,1,SS,Simulated LBD,data\Simulated_Dasic_2006_Tool_Wear_Model_Train.csv,RF_Model_Dasic_LowNBD.mdl,SS,1,-1,-100,3.0,1.0,1000,0.05,800,121,Dasic,Separate test set.,40,10,results/MultiRound,data\Simulated_Dasic_2006_Tool_Wear_Model_Test.csv,1,2,0.967099567,0.995,0.980478871,0.972320157,0.031230232,0.015811388,0.015234139,0.024336045,0.548752013,0.665,0.599117763,0.567451857,0.069032146,0.102875329,0.074239213,0.069210436,0.45979833,0.83,0.591613028,0.504769073,0.007934422,0.034960295,0.013485904,0.00923882,0.145,0.03,0.04938796,0.081155303,0.176741773,0.034960295,0.057935896,0.096344908,models/2_1_Dasic_LowNBD__RF_Model_28-Jun-2023_13-40.mdl,61.22140884,20.66084886,1.492587566,14.1053977
32,2,2,SS,Simulated HBD,data\Simulated_Dasic_2006_Tool_Wear_Model_Train.csv,RF_Model_Dasic_HighNBD.mdl,SS,1,-1,-100,3.0,1.0,100,0.1,800,121,Dasic,Separate test set.,40,10,results/MultiRound,data\Simulated_Dasic_2006_Tool_Wear_Model_Test.csv,1,2,0.967217062,0.86,0.909608394,0.943070064,0.037618336,0.051639778,0.03645156,0.033428466,0.450858996,0.435,0.440499712,0.44598414,0.124482812,0.168407574,0.146721946,0.133336535,0.44952381,0.8,0.575584416,0.492682927,0.006557432,0.0,0.005365172,0.006297534,0.36,0.085,0.136263099,0.215214646,0.262372838,0.062583278,0.09882785,0.154027309,models/2_2_Dasic_HighNBD__RF_Model_28-Jun-2023_13-42.mdl,54.18557,24.76293492,1.366837025,14.29227138
33,2,3,SS,PHM C01 SS NBD,data\PHM_Tool_Wear_Data_C01_0p12.csv,RF_Model_PHM_C01_SS_NoNBD.mdl,SS,1,-2,-40,0.12,0.95,0,0.0,800,348,PHM_C01_SS,Separate test set.,40,10,results/MultiRound,,100,70,0.981196581,0.535,0.688289417,0.836041308,0.040451828,0.094428103,0.083946198,0.060090889,0.532142656,0.92,0.674016113,0.581037995,0.021907716,0.042163702,0.025213554,0.022795475,0.25,0.02,0.036796537,0.074404762,0.424918293,0.034960295,0.06399024,0.128010793,0.527497952,0.78,0.628647092,0.563679266,0.040625155,0.075277265,0.04882317,0.042770205,models/2_3_PHM_C01_SS_NoNBD__RF_Model_28-Jun-2023_13-43.mdl,188.0140662,13.89821601,1.232507229,14.59875917
34,2,4,SS,PHM C01 SS LBD,data\PHM_Tool_Wear_Data_C01_0p12.csv,RF_Model_PHM_C01_SS_LowNBD.mdl,SS,1,-1,-100,0.12,0.9,1000,0.05,800,348,PHM_C01_SS,Separate test set.,40,10,results/MultiRound,,100,70,0.752663614,0.985,0.852938824,0.789744181,0.023039012,0.024152295,0.015390645,0.019731344,0.0,0.0,0.0,0.0,0.0,0.0,0.0,0.0,0.35,0.025,0.046320346,0.095238095,0.474341649,0.035355339,0.064984749,0.131462451,0.521713218,0.47,0.490696959,0.507684281,0.057772089,0.113529242,0.086274417,0.068480558,models/2_4_PHM_C01_SS_LowNBD__RF_Model_28-Jun-2023_13-47.mdl,150.4361913,21.29633069,1.641756535,17.25974679
35,2,5,SS,PHM C01 SS HBD,data\PHM_Tool_Wear_Data_C01_0p12.csv,RF_Model_PHM_C01_SS_HighNBD.mdl,SS,1,-1,-40,0.12,0.85,100,0.1,800,348,PHM_C01_SS,Separate test set.,40,10,results/MultiRound,,100,70,0.856156336,0.725,0.782229521,0.82420184,0.064244178,0.088975652,0.063628868,0.059180079,0.5,1.0,0.666666667,0.555555556,0.0,0.0,0.0,0.0,0.366666667,0.025,0.045962733,0.09375,0.483045892,0.035355339,0.063535557,0.124710312,0.522782512,0.39,0.444175492,0.48727969,0.116266953,0.10749677,0.107700404,0.110824011,models/2_5_PHM_C01_SS_HighNBD__RF_Model_28-Jun-2023_13-50.mdl,107.6430075,26.0536809,1.425213814,15.49157834
36,2,6,SS,PHM C04 SS NBD,data\PHM_Tool_Wear_Data_C04_0p098.csv,RF_Model_PHM_C04_SS_NoNBD.mdl,SS,1,-1,-40,0.098,0.95,0,0.0,800,348,PHM_C04_SS,Separate test set.,40,10,results/MultiRound,,100,70,0.76764765,0.995,0.866005615,0.804075873,0.043681214,0.015811388,0.029204732,0.038745155,0.473214286,0.275,0.340591495,0.405444465,0.135197545,0.113651514,0.118208766,0.122883622,0.25,0.015,0.028138528,0.05952381,0.424918293,0.024152295,0.045322652,0.096184124,0.497857143,0.11,0.17689122,0.282368326,0.32882141,0.065828059,0.104196427,0.165829769,models/2_6_PHM_C04_SS_NoNBD__RF_Model_28-Jun-2023_13-53.mdl,170.5640304,29.06665969,1.766368866,18.38097787
37,2,7,SS,PHM C04 SS LBD,data\PHM_Tool_Wear_Data_C04_0p098.csv,RF_Model_PHM_C04_SS_LowNBD.mdl,SS,1,-1,-40,0.098,0.85,1000,0.05,800,348,PHM_C04_SS,Separate test set.,40,10,results/MultiRound,,100,70,0.70506179,0.995,0.824793396,0.748448671,0.041203653,0.015811388,0.030750472,0.037868353,0.515979532,0.385,0.438088032,0.480590603,0.085297189,0.102875329,0.095263885,0.088970312,0.494735018,0.97,0.655170363,0.548447515,0.011010259,0.042163702,0.01877492,0.013288779,0.261666667,0.04,0.066604077,0.113352273,0.314470945,0.039440532,0.064171266,0.107008812,models/2_7_PHM_C04_SS_LowNBD__RF_Model_28-Jun-2023_13-56.mdl,156.3305588,16.00580311,1.053199291,13.99828815
38,2,8,SS,PHM C04 SS HBD,data\PHM_Tool_Wear_Data_C04_0p098.csv,RF_Model_PHM_C04_SS_HighNBD.mdl,SS,1,-1,-100,0.098,0.9,100,0.1,800,348,PHM_C04_SS,Separate test set.,40,10,results/MultiRound,,100,70,0.649026284,0.985,0.782069767,0.696357853,0.027200316,0.024152295,0.020702477,0.024913037,0.572619048,0.13,0.204171738,0.31959707,0.301431142,0.088819417,0.12584477,0.171705171,0.500763768,0.955,0.656788175,0.553320929,0.025169029,0.076194196,0.039045782,0.02942072,0.384722222,0.14,0.198290701,0.271225833,0.198913587,0.104880885,0.133214513,0.160459846,models/2_8_PHM_C04_SS_HighNBD__RF_Model_28-Jun-2023_14-00.mdl,141.4113448,26.80375361,1.502022028,13.98683357
39,2,9,SS,PHM C06 SS NBD,data\PHM_Tool_Wear_Data_C06_0p13.csv,RF_Model_PHM_C06_SS_NoNBD.mdl,SS,1,-1,-40,0.13,0.95,0,0.0,800,348,PHM_C06_SS,Separate test set.,40,10,results/MultiRound,,100,70,0.0,0.0,0.0,0.0,0.0,0.0,0.0,0.0,0.547316292,0.69,0.609427216,0.570392175,0.080677999,0.099442893,0.085187021,0.081755019,0.35,0.02,0.037662338,0.080357143,0.474341649,0.025819889,0.048637926,0.104095781,0.375761183,0.12,0.177431053,0.254444167,0.18046474,0.05868939,0.083088575,0.115854249,models/2_9_PHM_C06_SS_NoNBD__RF_Model_28-Jun-2023_14-03.mdl,154.938206,18.27483511,1.467017412,17.86325216
40,2,10,SS,PHM C06 SS LBD,data\PHM_Tool_Wear_Data_C06_0p13.csv,RF_Model_PHM_C06_SS_LowNBD.mdl,SS,1,-1,-40,0.13,0.95,1000,0.05,800,348,PHM_C06_SS,Separate test set.,40,10,results/MultiRound,,100,70,0.0,0.0,0.0,0.0,0.0,0.0,0.0,0.0,0.531147678,0.6,0.559654163,0.541436106,0.09747218,0.156347192,0.114822664,0.101910159,0.025,0.01,0.014285714,0.019230769,0.052704628,0.021081851,0.03011693,0.040542021,0.292380952,0.08,0.124524712,0.188352273,0.192845058,0.05868939,0.088776541,0.129524201,models/2_10_PHM_C06_SS_LowNBD__RF_Model_28-Jun-2023_14-06.mdl,137.7983088,24.69634032,1.482606649,16.04190826
41,2,11,SS,PHM C06 SS HBD,data\PHM_Tool_Wear_Data_C06_0p13.csv,RF_Model_PHM_C06_SS_HighNBD.mdl,SS,1,-1,-40,0.13,0.9,100,0.1,800,348,PHM_C06_SS,Separate test set.,40,10,results/MultiRound,,100,70,0.657180328,0.54,0.588101908,0.626166153,0.068490688,0.124275679,0.091979183,0.073739351,0.485295143,0.485,0.483212753,0.483965855,0.09919169,0.124833222,0.108246951,0.101723594,0.333333333,0.025,0.045925089,0.093005952,0.471404521,0.035355339,0.064694787,0.130072444,0.388333333,0.085,0.136591785,0.218558872,0.203070565,0.047434165,0.073490367,0.11281396,models/2_11_PHM_C06_SS_HighNBD__RF_Model_28-Jun-2023_14-09.mdl,136.2117901,16.92166972,1.433166742,16.54465699
42,2,12,MS,PHM C01 MS NBD,data\PHM_Tool_Wear_Data_C01_0p12.csv,RF_Model_PHM_C01_MS_NoNBD.mdl,MS,1,-1,-40,0.12,0.925,0,0.0,800,348,PHM_C04_MS,Separate test set.,40,10,results/MultiRound,,100,70,0.488932073,0.43,0.455801175,0.474590238,0.1357932,0.118321596,0.120951747,0.127810331,0.497750576,0.815,0.617228893,0.539423287,0.040045491,0.074721706,0.046037911,0.041463819,0.8,0.085,0.14936006,0.27827381,0.269887951,0.052967495,0.085771252,0.132805237,0.525198413,0.24,0.325777619,0.419577294,0.228213995,0.099442893,0.13190951,0.17298031,models/2_12_PHM_C04_MS_NoNBD__RF_Model_28-Jun-2023_14-12.mdl,198.4174697,17.5701766,1.729408264,13.27647471
43,2,13,MS,PHM C04 MS NBD,data\PHM_Tool_Wear_Data_C04_0p098.csv,RF_Model_PHM_C04_MS_NoNBD.mdl,MS,1,-1,-50,0.098,0.85,0,0.0,800,348,PHM_C04_MS,Separate test set.,40,10,results/MultiRound,,100,70,0.608333333,0.11,0.18381727,0.311282468,0.370705867,0.077459667,0.123134557,0.195517564,0.50374078,0.685,0.578823369,0.531011,0.057935618,0.066874675,0.053121934,0.055176223,0.722260622,0.92,0.808898116,0.75453029,0.034418269,0.042163702,0.034220903,0.033824018,0.381428571,0.115,0.168295778,0.241332973,0.297289341,0.100138793,0.133086517,0.1714657,models/2_13_PHM_C04_MS_NoNBD__RF_Model_28-Jun-2023_14-16.mdl,203.1189415,14.57062817,1.88007164,17.67829967
44,2,14,MS,PHM C06 MS NBD,data\PHM_Tool_Wear_Data_C06_0p13.csv,RF_Model_PHM_C06_MS_NoNBD.mdl,MS,1,-1,-40,0.13,0.925,0,0.0,800,348,PHM_C04_MS,Separate test set.,40,10,results/MultiRound,,100,70,0.0,0.0,0.0,0.0,0.0,0.0,0.0,0.0,0.0,0.0,0.0,0.0,0.0,0.0,0.0,0.0,0.502564103,0.985,0.665517241,0.557126498,0.010112957,0.024152295,0.013544301,0.011163629,0.488392857,0.31,0.376915454,0.435680423,0.11823754,0.06992059,0.080784013,0.097044457,models/2_14_PHM_C04_MS_NoNBD__RF_Model_28-Jun-2023_14-20.mdl,192.0801227,15.94086885,1.630034208,13.35348034
45,3,0,SS,Simulated NBD,data\Simulated_Dasic_2006_Tool_Wear_Model_Train.csv,RF_Model_Dasic_NoNBD.mdl,SS,1,-1,-100,3.0,1.0,0,0.0,800,121,Dasic,Separate test set.,40,10,results/MultiRound,data\Simulated_Dasic_2006_Tool_Wear_Model_Test.csv,1,2,0.5,1.0,0.666666667,0.555555556,0.0,0.0,0.0,0.0,0.1,0.005,0.00952381,0.020833333,0.316227766,0.015811388,0.03011693,0.065880785,0.383333333,0.035,0.062591756,0.12078373,0.458459579,0.04116363,0.072541464,0.137454654,0.572353995,0.57,0.565383655,0.567896609,0.071860226,0.127366488,0.089382118,0.073928695,models/3_0_Dasic_NoNBD__RF_Model_28-Jun-2023_14-23.mdl,59.68552256,16.98172832,1.014508247,11.57626271
46,3,1,SS,Simulated LBD,data\Simulated_Dasic_2006_Tool_Wear_Model_Train.csv,RF_Model_Dasic_LowNBD.mdl,SS,1,-1,-100,3.0,1.0,1000,0.05,800,121,Dasic,Separate test set.,40,10,results/MultiRound,data\Simulated_Dasic_2006_Tool_Wear_Model_Test.csv,1,2,0.988854489,0.855,0.916458159,0.95838627,0.023542082,0.043779752,0.02810754,0.021840773,0.569385111,0.575,0.570870187,0.569641585,0.066934781,0.063464776,0.059650255,0.062630471,0.15,0.01,0.018614719,0.038690476,0.337474279,0.021081851,0.039256535,0.081867782,0.428463203,0.215,0.283440502,0.353599525,0.124283028,0.091439111,0.10693963,0.116911654,models/3_1_Dasic_LowNBD__RF_Model_28-Jun-2023_14-25.mdl,59.87935543,20.83227921,1.164916277,13.23642564
47,3,2,SS,Simulated HBD,data\Simulated_Dasic_2006_Tool_Wear_Model_Train.csv,RF_Model_Dasic_HighNBD.mdl,SS,1,-1,-100,3.0,1.0,100,0.1,800,121,Dasic,Separate test set.,40,10,results/MultiRound,data\Simulated_Dasic_2006_Tool_Wear_Model_Test.csv,1,2,0.99375,0.79,0.878708388,0.943746677,0.019764235,0.06992059,0.047295885,0.027831951,0.571886162,0.82,0.672038801,0.607869002,0.051065236,0.111055542,0.065537521,0.054608597,0.4,0.035,0.063316394,0.124255952,0.516397779,0.052967495,0.093785638,0.176285035,0.615661765,0.53,0.566634085,0.594273967,0.082652806,0.091893658,0.077194218,0.077385547,models/3_2_Dasic_HighNBD__RF_Model_28-Jun-2023_14-26.mdl,52.87315488,26.21522427,1.574924469,16.45612478
48,3,3,SS,PHM C01 SS NBD,data\PHM_Tool_Wear_Data_C01_0p12.csv,RF_Model_PHM_C01_SS_NoNBD.mdl,SS,1,-2,-40,0.12,0.95,0,0.0,800,348,PHM_C01_SS,Separate test set.,40,10,results/MultiRound,,100,70,0.851530209,0.99,0.914958842,0.875697778,0.039076803,0.021081851,0.022718416,0.032572353,0.55665363,0.52,0.534828066,0.546878173,0.08846875,0.129529062,0.108133349,0.095805756,0.494735018,0.95,0.650510042,0.547131354,0.012559915,0.040824829,0.018918424,0.01433624,0.555651709,0.32,0.402284669,0.480193744,0.088715629,0.063245553,0.060479329,0.066867846,models/3_3_PHM_C01_SS_NoNBD__RF_Model_28-Jun-2023_14-28.mdl,206.0972548,18.4685967,1.064152479,12.29786921
49,3,4,SS,PHM C01 SS LBD,data\PHM_Tool_Wear_Data_C01_0p12.csv,RF_Model_PHM_C01_SS_LowNBD.mdl,SS,1,-1,-100,0.12,0.9,1000,0.05,800,348,PHM_C01_SS,Separate test set.,40,10,results/MultiRound,,100,70,0.0,0.0,0.0,0.0,0.0,0.0,0.0,0.0,0.511704659,0.525,0.515238481,0.51236863,0.050201312,0.085796918,0.057360543,0.049282003,0.498717949,0.985,0.662127411,0.553338619,0.007277516,0.024152295,0.0109299,0.008292584,0.22,0.025,0.043281385,0.078968254,0.342539535,0.035355339,0.060350598,0.10838008,models/3_4_PHM_C01_SS_LowNBD__RF_Model_28-Jun-2023_14-32.mdl,108.8969247,13.19385791,0.990650892,11.45558715
50,3,5,SS,PHM C01 SS HBD,data\PHM_Tool_Wear_Data_C01_0p12.csv,RF_Model_PHM_C01_SS_HighNBD.mdl,SS,1,-1,-40,0.12,0.85,100,0.1,800,348,PHM_C01_SS,Separate test set.,40,10,results/MultiRound,,100,70,0.691812632,0.42,0.518259475,0.608225273,0.126238825,0.09486833,0.090551831,0.101283836,0.0,0.0,0.0,0.0,0.0,0.0,0.0,0.0,0.25,0.015,0.028138528,0.05952381,0.424918293,0.024152295,0.045322652,0.096184124,0.523083076,0.62,0.566292952,0.5393429,0.057977308,0.09486833,0.068260482,0.060596122,models/3_5_PHM_C01_SS_HighNBD__RF_Model_28-Jun-2023_14-34.mdl,97.19327188,12.93468118,0.991611481,11.67041278
51,3,6,SS,PHM C04 SS NBD,data\PHM_Tool_Wear_Data_C04_0p098.csv,RF_Model_PHM_C04_SS_NoNBD.mdl,SS,1,-1,-40,0.098,0.95,0,0.0,800,348,PHM_C04_SS,Separate test set.,40,10,results/MultiRound,,100,70,0.577167685,1.0,0.731663654,0.630386435,0.02304157,0.0,0.018282465,0.021893434,0.474916388,0.59,0.525657474,0.493886436,0.049359502,0.080966385,0.060266758,0.052842051,0.498650472,0.98,0.66091954,0.552949554,0.011389104,0.034960295,0.017261943,0.013139154,0.374264069,0.11,0.165766178,0.244049874,0.21982474,0.080966385,0.11105499,0.148905798,models/3_6_PHM_C04_SS_NoNBD__RF_Model_28-Jun-2023_14-36.mdl,157.5210078,13.09982443,1.020333529,11.62306857
52,3,7,SS,PHM C04 SS LBD,data\PHM_Tool_Wear_Data_C04_0p098.csv,RF_Model_PHM_C04_SS_LowNBD.mdl,SS,1,-1,-40,0.098,0.85,1000,0.05,800,348,PHM_C04_SS,Separate test set.,40,10,results/MultiRound,,100,70,0.749526455,0.98,0.848813015,0.78621901,0.031773116,0.025819889,0.019818711,0.027183351,0.472910207,0.455,0.459340822,0.46601743,0.073521231,0.121220644,0.093265043,0.078644008,0.514659092,0.99,0.677074078,0.569265297,0.014832484,0.021081851,0.01388102,0.014613903,0.539183007,0.29,0.368622368,0.450940023,0.141666694,0.137032032,0.129682437,0.128624625,models/3_7_PHM_C04_SS_LowNBD__RF_Model_28-Jun-2023_14-39.mdl,145.7780356,25.96189713,1.653176069,19.56708002
53,3,8,SS,PHM C04 SS HBD,data\PHM_Tool_Wear_Data_C04_0p098.csv,RF_Model_PHM_C04_SS_HighNBD.mdl,SS,1,-1,-100,0.098,0.9,100,0.1,800,348,PHM_C04_SS,Separate test set.,40,10,results/MultiRound,,100,70,0.679011149,0.75,0.710539472,0.690779591,0.071825085,0.084983659,0.065653941,0.066569783,0.518143825,0.61,0.556753364,0.532275365,0.04792694,0.128668394,0.072113249,0.053789894,0.4,0.03,0.055411255,0.113095238,0.459468292,0.034960295,0.064138127,0.129196989,0.509545279,0.325,0.390749461,0.451491013,0.097314875,0.092044675,0.087149141,0.088646889,models/3_8_PHM_C04_SS_HighNBD__RF_Model_28-Jun-2023_14-43.mdl,150.9343321,17.02756929,1.165881872,14.78577518
54,3,9,SS,PHM C06 SS NBD,data\PHM_Tool_Wear_Data_C06_0p13.csv,RF_Model_PHM_C06_SS_NoNBD.mdl,SS,1,-1,-40,0.13,0.95,0,0.0,800,348,PHM_C06_SS,Separate test set.,40,10,results/MultiRound,,100,70,0.5,1.0,0.666666667,0.555555556,0.0,0.0,0.0,0.0,0.460272348,0.475,0.465134032,0.461505098,0.061500009,0.106066017,0.083260573,0.06971421,0.501349528,0.98,0.663276836,0.555599601,0.011389104,0.025819889,0.014247388,0.012230012,0.478597976,0.555,0.508443712,0.488723897,0.099919574,0.109163486,0.079176774,0.085702234,models/3_9_PHM_C06_SS_NoNBD__RF_Model_28-Jun-2023_14-46.mdl,205.6545022,15.21355128,1.046907663,12.92641544
55,3,10,SS,PHM C06 SS LBD,data\PHM_Tool_Wear_Data_C06_0p13.csv,RF_Model_PHM_C06_SS_LowNBD.mdl,SS,1,-1,-40,0.13,0.95,1000,0.05,800,348,PHM_C06_SS,Separate test set.,40,10,results/MultiRound,,100,70,0.0,0.0,0.0,0.0,0.0,0.0,0.0,0.0,0.0,0.0,0.0,0.0,0.0,0.0,0.0,0.0,0.497437721,0.965,0.656380284,0.550777711,0.012030423,0.033747428,0.016563413,0.01329953,0.111904762,0.035,0.052818478,0.076680264,0.146255867,0.047434165,0.0707666,0.101395493,models/3_10_PHM_C06_SS_LowNBD__RF_Model_28-Jun-2023_14-50.mdl,118.7983174,16.61427712,1.624808073,16.60723209
56,3,11,SS,PHM C06 SS HBD,data\PHM_Tool_Wear_Data_C06_0p13.csv,RF_Model_PHM_C06_SS_HighNBD.mdl,SS,1,-1,-40,0.13,0.9,100,0.1,800,348,PHM_C06_SS,Separate test set.,40,10,results/MultiRound,,100,70,0.926057692,0.68,0.782328644,0.86193394,0.047152085,0.071492035,0.05601088,0.045783286,0.52537481,0.7,0.598450165,0.552058478,0.055596345,0.102740233,0.065902849,0.057685054,0.497435897,0.975,0.658698617,0.551429998,0.013531964,0.035355339,0.018740907,0.015090078,0.447619048,0.125,0.191943604,0.287174631,0.14062968,0.042491829,0.059204798,0.08049958,models/3_11_PHM_C06_SS_HighNBD__RF_Model_28-Jun-2023_14-52.mdl,128.2548511,21.08941722,1.044431686,12.34639668
57,3,12,MS,PHM C01 MS NBD,data\PHM_Tool_Wear_Data_C01_0p12.csv,RF_Model_PHM_C01_MS_NoNBD.mdl,MS,1,-1,-40,0.12,0.925,0,0.0,800,348,PHM_C04_MS,Separate test set.,40,10,results/MultiRound,,100,70,0.92778879,0.955,0.94083847,0.932881054,0.033231027,0.036893239,0.029239577,0.030328939,0.512142857,0.105,0.168231361,0.271001221,0.35841124,0.086442017,0.131845268,0.198992495,0.3,0.015,0.028571429,0.0625,0.483045892,0.024152295,0.046004371,0.100634561,0.503580808,0.4,0.441999694,0.475473082,0.083631054,0.11055416,0.094326653,0.084158931,models/3_12_PHM_C04_MS_NoNBD__RF_Model_28-Jun-2023_14-55.mdl,176.5294514,22.66594839,1.666113853,13.88833427
58,3,13,MS,PHM C04 MS NBD,data\PHM_Tool_Wear_Data_C04_0p098.csv,RF_Model_PHM_C04_MS_NoNBD.mdl,MS,1,-1,-50,0.098,0.85,0,0.0,800,348,PHM_C04_MS,Separate test set.,40,10,results/MultiRound,,100,70,0.881666667,0.12,0.205976473,0.367261905,0.161101532,0.048304589,0.073669552,0.102436981,0.491358921,0.535,0.510221928,0.498295046,0.114321332,0.122587837,0.112645301,0.112554459,0.45,0.035,0.064502165,0.130952381,0.497214463,0.04116363,0.07521485,0.149929647,0.494811275,0.68,0.570703141,0.52226808,0.036279957,0.115950181,0.061129807,0.043383011,models/3_13_PHM_C04_MS_NoNBD__RF_Model_28-Jun-2023_14-59.mdl,166.0225871,25.1591835,2.448913336,15.24501514
59,3,14,MS,PHM C06 MS NBD,data\PHM_Tool_Wear_Data_C06_0p13.csv,RF_Model_PHM_C06_MS_NoNBD.mdl,MS,1,-1,-40,0.13,0.925,0,0.0,800,348,PHM_C04_MS,Separate test set.,40,10,results/MultiRound,,100,70,1.0,0.575,0.72983871,0.870863971,0.0,0.026352314,0.021251866,0.012110438,0.541878984,0.475,0.501157525,0.523011319,0.074858171,0.11843892,0.094392128,0.079992972,0.483333333,0.03,0.055881799,0.116815476,0.474341649,0.025819889,0.048165598,0.101901027,0.41852782,0.33,0.364706871,0.393595407,0.122451106,0.125166556,0.120419321,0.119487624,models/3_14_PHM_C04_MS_NoNBD__RF_Model_28-Jun-2023_15-02.mdl,185.5507188,19.15145254,1.642326832,12.39794445
60,4,0,SS,Simulated NBD,data\Simulated_Dasic_2006_Tool_Wear_Model_Train.csv,RF_Model_Dasic_NoNBD.mdl,SS,1,-1,-100,3.0,1.0,0,0.0,800,121,Dasic,Separate test set.,40,10,results/MultiRound,data\Simulated_Dasic_2006_Tool_Wear_Model_Test.csv,1,2,0.954895572,0.94,0.946762121,0.951467391,0.036286326,0.051639778,0.037079041,0.034289809,0.441748678,0.475,0.456047755,0.446964417,0.058389295,0.085796918,0.0659298,0.059784498,0.922777778,0.355,0.511344645,0.696955128,0.111055542,0.015811388,0.027765056,0.057387062,0.630753968,0.185,0.275377009,0.397427572,0.286865287,0.097325342,0.137388351,0.185091513,models/4_0_Dasic_NoNBD__RF_Model_28-Jun-2023_15-06.mdl,59.69749904,22.97172713,1.164519548,13.22045016
61,4,1,SS,Simulated LBD,data\Simulated_Dasic_2006_Tool_Wear_Model_Train.csv,RF_Model_Dasic_LowNBD.mdl,SS,1,-1,-100,3.0,1.0,1000,0.05,800,121,Dasic,Separate test set.,40,10,results/MultiRound,data\Simulated_Dasic_2006_Tool_Wear_Model_Test.csv,1,2,0.9875,0.725,0.83518377,0.920008354,0.026352314,0.042491829,0.027155005,0.019537803,0.482899495,0.52,0.499349235,0.489036001,0.075787356,0.131656118,0.100302205,0.084765603,0.511813838,0.995,0.675844638,0.566835296,0.013324375,0.015811388,0.013166011,0.013408936,0.356666667,0.04,0.06910559,0.125694444,0.377139984,0.031622777,0.053836599,0.097782776,models/4_1_Dasic_LowNBD__RF_Model_28-Jun-2023_15-07.mdl,59.11829305,21.6218214,1.084967375,13.32050991
62,4,2,SS,Simulated HBD,data\Simulated_Dasic_2006_Tool_Wear_Model_Train.csv,RF_Model_Dasic_HighNBD.mdl,SS,1,-1,-100,3.0,1.0,100,0.1,800,121,Dasic,Separate test set.,40,10,results/MultiRound,data\Simulated_Dasic_2006_Tool_Wear_Model_Test.csv,1,2,0.988235294,0.77,0.862850869,0.932986906,0.037203267,0.088819417,0.059754338,0.039192498,0.494134414,0.54,0.51392404,0.501395102,0.057367395,0.102198065,0.072734663,0.061631744,0.375000927,0.585,0.456922092,0.403957371,0.009352154,0.024152295,0.012833554,0.010228103,0.642828806,0.75,0.687691759,0.659014445,0.059070408,0.126929552,0.077572918,0.061984741,models/4_2_Dasic_HighNBD__RF_Model_28-Jun-2023_15-09.mdl,52.53589511,22.59637094,1.493396997,13.43381381
63,4,3,SS,PHM C01 SS NBD,data\PHM_Tool_Wear_Data_C01_0p12.csv,RF_Model_PHM_C01_SS_NoNBD.mdl,SS,1,-2,-40,0.12,0.95,0,0.0,800,348,PHM_C01_SS,Separate test set.,40,10,results/MultiRound,,100,70,0.736658751,0.985,0.842304262,0.775470969,0.03350894,0.024152295,0.021350623,0.029075983,0.471436166,0.4,0.430419941,0.453416338,0.155697105,0.147196014,0.14787975,0.151311465,0.496153846,0.975,0.657607637,0.550182053,0.008653187,0.026352314,0.012832124,0.009874212,0.247142857,0.075,0.113665941,0.166207751,0.208746152,0.071686044,0.105217188,0.147660297,models/4_3_PHM_C01_SS_NoNBD__RF_Model_28-Jun-2023_15-11.mdl,173.0469034,18.98734188,1.935345173,21.25146508
64,4,4,SS,PHM C01 SS LBD,data\PHM_Tool_Wear_Data_C01_0p12.csv,RF_Model_PHM_C01_SS_LowNBD.mdl,SS,1,-1,-100,0.12,0.9,1000,0.05,800,348,PHM_C01_SS,Separate test set.,40,10,results/MultiRound,,100,70,0.914681557,0.86,0.884865384,0.902046911,0.049639341,0.09067647,0.066485843,0.053971065,0.662705628,0.28,0.380606316,0.500579292,0.171298161,0.08232726,0.080006073,0.089594918,0.501495726,0.975,0.662187944,0.555394236,0.013212203,0.026352314,0.014378738,0.013493226,0.414880952,0.105,0.163157398,0.248903874,0.269496307,0.05986095,0.088667472,0.130413398,models/4_4_PHM_C01_SS_LowNBD__RF_Model_28-Jun-2023_15-14.mdl,169.5007446,16.39776087,1.118009806,16.74034548
65,4,5,SS,PHM C01 SS HBD,data\PHM_Tool_Wear_Data_C01_0p12.csv,RF_Model_PHM_C01_SS_HighNBD.mdl,SS,1,-1,-40,0.12,0.85,100,0.1,800,348,PHM_C01_SS,Separate test set.,40,10,results/MultiRound,,100,70,0.625634581,0.97,0.760100919,0.673203668,0.04223671,0.034960295,0.037532928,0.040833886,0.541408539,0.535,0.533042245,0.536520769,0.089749908,0.139542905,0.10881352,0.094543547,0.510391363,0.975,0.669894418,0.564104449,0.012146923,0.042491829,0.019036542,0.014064299,0.473229271,0.18,0.253352407,0.343734217,0.131118102,0.08232726,0.093239143,0.098880094,models/4_5_PHM_C01_SS_HighNBD__RF_Model_28-Jun-2023_15-18.mdl,134.6827435,13.51759076,1.050358295,11.61267281
66,4,6,SS,PHM C04 SS NBD,data\PHM_Tool_Wear_Data_C04_0p098.csv,RF_Model_PHM_C04_SS_NoNBD.mdl,SS,1,-1,-40,0.098,0.95,0,0.0,800,348,PHM_C04_SS,Separate test set.,40,10,results/MultiRound,,100,70,0.889410879,0.975,0.929165723,0.904666514,0.055898393,0.035355339,0.034489783,0.046563354,0.524996422,0.535,0.526747228,0.52496375,0.05813474,0.105540935,0.071466641,0.060288417,0.3,0.02,0.037229437,0.077380952,0.483045892,0.034960295,0.064410257,0.131012492,0.43871556,0.425,0.428226329,0.433437756,0.071673605,0.127475488,0.098469346,0.081517236,models/4_6_PHM_C04_SS_NoNBD__RF_Model_28-Jun-2023_15-20.mdl,168.3933594,17.24691153,2.111386776,19.69132495
67,4,7,SS,PHM C04 SS LBD,data\PHM_Tool_Wear_Data_C04_0p098.csv,RF_Model_PHM_C04_SS_LowNBD.mdl,SS,1,-1,-40,0.098,0.85,1000,0.05,800,348,PHM_C04_SS,Separate test set.,40,10,results/MultiRound,,100,70,0.694871904,0.99,0.815794715,0.738547171,0.047224968,0.021081851,0.033845935,0.042825481,0.597381671,0.44,0.50307528,0.554191571,0.089025083,0.110050493,0.09666093,0.087969701,0.2,0.01,0.019047619,0.041666667,0.421637021,0.021081851,0.040155907,0.087841046,0.303333333,0.04,0.069725955,0.127331349,0.308400893,0.031622777,0.056588195,0.109449692,models/4_7_PHM_C04_SS_LowNBD__RF_Model_28-Jun-2023_15-24.mdl,151.6484911,25.67507386,1.173888683,13.66873813
68,4,8,SS,PHM C04 SS HBD,data\PHM_Tool_Wear_Data_C04_0p098.csv,RF_Model_PHM_C04_SS_HighNBD.mdl,SS,1,-1,-100,0.098,0.9,100,0.1,800,348,PHM_C04_SS,Separate test set.,40,10,results/MultiRound,,100,70,0.772727273,0.365,0.488386713,0.620437406,0.085031669,0.122587837,0.133015954,0.121622615,0.503368822,0.52,0.508921512,0.504961821,0.07122267,0.115950181,0.087436959,0.075932808,0.481498705,0.92,0.632076246,0.532206408,0.013170064,0.042163702,0.020856409,0.01549908,0.554881042,0.415,0.473700181,0.518873188,0.07185608,0.033747428,0.042865143,0.057069567,models/4_8_PHM_C04_SS_HighNBD__RF_Model_28-Jun-2023_15-27.mdl,157.4523504,26.88771796,1.09315753,11.83822298
69,4,9,SS,PHM C06 SS NBD,data\PHM_Tool_Wear_Data_C06_0p13.csv,RF_Model_PHM_C06_SS_NoNBD.mdl,SS,1,-1,-40,0.13,0.95,0,0.0,800,348,PHM_C06_SS,Separate test set.,40,10,results/MultiRound,,100,70,0.0,0.0,0.0,0.0,0.0,0.0,0.0,0.0,0.506829004,0.47,0.485980022,0.497797763,0.119655538,0.141813649,0.129196065,0.122934711,0.4,0.025,0.046753247,0.098214286,0.459468292,0.026352314,0.049307594,0.104095781,0.295,0.06,0.099109253,0.163699495,0.285238691,0.051639778,0.087120084,0.148722168,models/4_9_PHM_C06_SS_NoNBD__RF_Model_28-Jun-2023_15-30.mdl,167.1173639,25.4192009,1.670113087,19.07015109
70,4,10,SS,PHM C06 SS LBD,data\PHM_Tool_Wear_Data_C06_0p13.csv,RF_Model_PHM_C06_SS_LowNBD.mdl,SS,1,-1,-40,0.13,0.95,1000,0.05,800,348,PHM_C06_SS,Separate test set.,40,10,results/MultiRound,,100,70,0.991666667,0.605,0.748823968,0.87639365,0.026352314,0.079756574,0.065813678,0.042896251,0.493412698,0.535,0.511969288,0.500390971,0.080189763,0.124833222,0.097701078,0.086252072,0.498717949,0.975,0.659848042,0.552699965,0.009459805,0.026352314,0.013278138,0.01056966,0.473624709,0.295,0.362521121,0.421435866,0.127717233,0.05986095,0.081292045,0.104189915,models/4_10_PHM_C06_SS_LowNBD__RF_Model_28-Jun-2023_15-34.mdl,148.3433852,16.59236121,1.29260397,15.10644317
71,4,11,SS,PHM C06 SS HBD,data\PHM_Tool_Wear_Data_C06_0p13.csv,RF_Model_PHM_C06_SS_HighNBD.mdl,SS,1,-1,-40,0.13,0.9,100,0.1,800,348,PHM_C06_SS,Separate test set.,40,10,results/MultiRound,,100,70,0.657696764,0.935,0.771364867,0.698768891,0.044051552,0.05797509,0.04196771,0.042678133,0.495461146,0.455,0.468564524,0.4822469,0.0968268,0.11890706,0.097828884,0.090923702,0.49217274,0.96,0.650672122,0.545300388,0.012604425,0.039440532,0.01961133,0.014727186,0.548352708,0.655,0.594915843,0.565679074,0.058603493,0.055025247,0.04476558,0.05191192,models/4_11_PHM_C06_SS_HighNBD__RF_Model_28-Jun-2023_15-37.mdl,179.7673099,15.16876483,1.039278507,12.2867465
72,4,12,MS,PHM C01 MS NBD,data\PHM_Tool_Wear_Data_C01_0p12.csv,RF_Model_PHM_C01_MS_NoNBD.mdl,MS,1,-1,-40,0.12,0.925,0,0.0,800,348,PHM_C04_MS,Separate test set.,40,10,results/MultiRound,,100,70,0.0,0.0,0.0,0.0,0.0,0.0,0.0,0.0,0.491466941,0.885,0.631532361,0.539259964,0.023578681,0.070906825,0.035300805,0.02688772,0.5000693,0.97,0.659848042,0.553692028,0.010564063,0.025819889,0.013278138,0.011307299,0.535333214,0.49,0.508505692,0.523399845,0.114992207,0.148698053,0.126735319,0.118064261,models/4_12_PHM_C04_MS_NoNBD__RF_Model_28-Jun-2023_15-40.mdl,217.1784332,16.77257228,1.727687359,15.08880997
73,4,13,MS,PHM C04 MS NBD,data\PHM_Tool_Wear_Data_C04_0p098.csv,RF_Model_PHM_C04_MS_NoNBD.mdl,MS,1,-1,-50,0.098,0.85,0,0.0,800,348,PHM_C04_MS,Separate test set.,40,10,results/MultiRound,,100,70,0.908333333,0.15,0.248689354,0.419890873,0.168737139,0.08819171,0.131115239,0.176851826,0.46683899,0.55,0.503031866,0.480313651,0.079991603,0.126929552,0.094271851,0.084124588,0.35,0.02,0.037662338,0.080357143,0.474341649,0.025819889,0.048637926,0.104095781,0.414007937,0.215,0.278115535,0.343609944,0.155798326,0.12030055,0.131803838,0.141924942,models/4_13_PHM_C04_MS_NoNBD__RF_Model_28-Jun-2023_15-45.mdl,238.4258447,29.63535166,1.922488451,14.01472259
74,4,14,MS,PHM C06 MS NBD,data\PHM_Tool_Wear_Data_C06_0p13.csv,RF_Model_PHM_C06_MS_NoNBD.mdl,MS,1,-1,-40,0.13,0.925,0,0.0,800,348,PHM_C04_MS,Separate test set.,40,10,results/MultiRound,,100,70,0.0,0.0,0.0,0.0,0.0,0.0,0.0,0.0,0.498717949,0.995,0.66440678,0.553977273,0.004054202,0.015811388,0.00714639,0.004990969,0.35,0.025,0.046320346,0.095238095,0.474341649,0.035355339,0.064984749,0.131462451,0.563912476,0.265,0.35709289,0.45536607,0.123555408,0.078351062,0.09366419,0.106881186,models/4_14_PHM_C04_MS_NoNBD__RF_Model_28-Jun-2023_15-49.mdl,196.3402021,16.84016776,1.553448677,13.09686089
0,5,0,SS,Simulated NBD,data\Simulated_Dasic_2006_Tool_Wear_Model_Train.csv,RF_Model_Dasic_NoNBD.mdl,SS,1,-1,-100,3.0,1.0,0,0.0,800,121,Dasic,Separate test set.,40,10,results/MultiRound,data\Simulated_Dasic_2006_Tool_Wear_Model_Test.csv,1,2,0.908977979,0.99,0.947486697,0.923941799,0.027708742,0.021081851,0.018638363,0.023558317,0.514577016,0.81,0.627987745,0.554454742,0.052442892,0.084327404,0.056747719,0.053173499,0.216666667,0.02,0.036006023,0.069940476,0.368932394,0.034960295,0.062018069,0.117393015,0.580656378,0.47,0.517472714,0.552964212,0.104821644,0.115950181,0.108076421,0.104847782,models/0_0_Dasic_NoNBD__RF_Model_28-Jun-2023_16-11.mdl,53.21464992,14.53840184,1.058929205,12.41233253
1,5,1,SS,Simulated LBD,data\Simulated_Dasic_2006_Tool_Wear_Model_Train.csv,RF_Model_Dasic_LowNBD.mdl,SS,1,-1,-100,3.0,1.0,1000,0.05,800,121,Dasic,Separate test set.,40,10,results/MultiRound,data\Simulated_Dasic_2006_Tool_Wear_Model_Test.csv,1,2,0.846463826,0.995,0.913737908,0.871954825,0.052624808,0.015811388,0.028920087,0.043824955,0.541707792,0.66,0.594186804,0.561391593,0.074486429,0.114987922,0.088971485,0.079249231,0.508333333,0.04,0.072873141,0.145585317,0.385801235,0.021081851,0.038593619,0.080017316,0.373809524,0.105,0.159284033,0.236742424,0.225332542,0.0831665,0.115823001,0.155394749,models/0_1_Dasic_LowNBD__RF_Model_28-Jun-2023_16-12.mdl,50.67112994,13.98672342,1.001089811,11.72075915
2,5,2,SS,Simulated HBD,data\Simulated_Dasic_2006_Tool_Wear_Model_Train.csv,RF_Model_Dasic_HighNBD.mdl,SS,1,-1,-100,3.0,1.0,100,0.1,800,121,Dasic,Separate test set.,40,10,results/MultiRound,data\Simulated_Dasic_2006_Tool_Wear_Model_Test.csv,1,2,0.5,1.0,0.666666667,0.555555556,0.0,0.0,0.0,0.0,0.513333145,0.615,0.558010058,0.530023709,0.062785483,0.110679718,0.078062938,0.067204035,0.954761905,0.23,0.368831909,0.581123737,0.099412484,0.025819889,0.031933751,0.0396062,0.581808175,0.735,0.648093451,0.606375433,0.074183198,0.108140855,0.081866324,0.075768781,models/0_2_Dasic_HighNBD__RF_Model_28-Jun-2023_16-13.mdl,63.67688441,17.73768067,1.243505239,12.84331608
3,5,3,SS,PHM C01 SS NBD,data\PHM_Tool_Wear_Data_C01_0p12.csv,RF_Model_PHM_C01_SS_NoNBD.mdl,SS,1,-2,-40,0.12,0.95,0,0.0,800,348,PHM_C01_SS,Separate test set.,40,10,results/MultiRound,,100,70,0.580027162,1.0,0.734105657,0.63317534,0.014305541,0.0,0.01145285,0.013635587,0.59781746,0.22,0.317673323,0.437467741,0.132486901,0.078881064,0.101212778,0.119741663,0.498650472,0.975,0.659770115,0.552626556,0.016840582,0.042491829,0.02368,0.018963104,0.575261175,0.77,0.657304883,0.605282288,0.068126212,0.103279556,0.077445022,0.070644975,models/0_3_PHM_C01_SS_NoNBD__RF_Model_28-Jun-2023_16-15.mdl,156.1682847,24.70392323,2.685045004,20.42629814
4,5,4,SS,PHM C01 SS LBD,data\PHM_Tool_Wear_Data_C01_0p12.csv,RF_Model_PHM_C01_SS_LowNBD.mdl,SS,1,-1,-100,0.12,0.9,1000,0.05,800,348,PHM_C01_SS,Separate test set.,40,10,results/MultiRound,,100,70,1.0,0.465,0.626036785,0.799998102,0.0,0.12030055,0.119055367,0.086467787,0.571989729,0.455,0.50150758,0.540016827,0.109063,0.111679104,0.090697519,0.094853634,0.216666667,0.02,0.036006023,0.069940476,0.368932394,0.034960295,0.062018069,0.117393015,0.50719716,0.48,0.490982482,0.499925882,0.083995895,0.108525471,0.092918529,0.085996001,models/0_4_PHM_C01_SS_LowNBD__RF_Model_28-Jun-2023_16-18.mdl,145.1757469,18.04990959,1.174416304,23.67834139
5,5,5,SS,PHM C01 SS HBD,data\PHM_Tool_Wear_Data_C01_0p12.csv,RF_Model_PHM_C01_SS_HighNBD.mdl,SS,1,-1,-40,0.12,0.85,100,0.1,800,348,PHM_C01_SS,Separate test set.,40,10,results/MultiRound,,100,70,0.719395082,0.42,0.524607267,0.623490919,0.056853448,0.078881064,0.058387584,0.040757787,0.493606175,0.425,0.453367705,0.475603752,0.074147988,0.075461543,0.064731149,0.066274335,0.316666667,0.025,0.045529832,0.09077381,0.433546956,0.035355339,0.063176246,0.121997594,0.493636572,0.71,0.581418052,0.525221371,0.062711272,0.130809446,0.086581776,0.070685803,models/0_5_PHM_C01_SS_HighNBD__RF_Model_28-Jun-2023_16-22.mdl,119.5405307,14.00577903,0.998332262,11.63343239
6,5,6,SS,PHM C04 SS NBD,data\PHM_Tool_Wear_Data_C04_0p098.csv,RF_Model_PHM_C04_SS_NoNBD.mdl,SS,1,-1,-40,0.098,0.95,0,0.0,800,348,PHM_C04_SS,Separate test set.,40,10,results/MultiRound,,100,70,0.680772287,1.0,0.809927971,0.727134793,0.019387071,0.0,0.013761065,0.017712145,0.477612926,0.455,0.463839753,0.471451707,0.053755516,0.072456884,0.054826824,0.051498982,0.25,0.02,0.036796537,0.074404762,0.424918293,0.034960295,0.06399024,0.128010793,0.425692641,0.18,0.245041994,0.31937508,0.167310527,0.115950181,0.141978458,0.158448281,models/0_6_PHM_C04_SS_NoNBD__RF_Model_28-Jun-2023_16-24.mdl,158.4092541,13.17286587,0.969416142,12.48392439
7,5,7,SS,PHM C04 SS LBD,data\PHM_Tool_Wear_Data_C04_0p098.csv,RF_Model_PHM_C04_SS_LowNBD.mdl,SS,1,-1,-40,0.098,0.85,1000,0.05,800,348,PHM_C04_SS,Separate test set.,40,10,results/MultiRound,,100,70,0.618381658,0.95,0.748703673,0.664603085,0.04152328,0.040824829,0.039983214,0.041144775,0.0,0.0,0.0,0.0,0.0,0.0,0.0,0.0,0.417841869,0.7,0.52317085,0.454421337,0.010655798,0.033333333,0.016314424,0.012204963,0.541155642,0.28,0.362144877,0.447703512,0.143401536,0.120646407,0.125782836,0.130042741,models/0_7_PHM_C04_SS_LowNBD__RF_Model_28-Jun-2023_16-27.mdl,153.8742616,19.92207551,1.804234505,21.72129917
8,5,8,SS,PHM C04 SS HBD,data\PHM_Tool_Wear_Data_C04_0p098.csv,RF_Model_PHM_C04_SS_HighNBD.mdl,SS,1,-1,-100,0.098,0.9,100,0.1,800,348,PHM_C04_SS,Separate test set.,40,10,results/MultiRound,,100,70,0.633804492,0.95,0.760168667,0.678925813,0.022624964,0.023570226,0.02075881,0.021925184,0.484062792,0.495,0.483909775,0.482761153,0.092186183,0.173925271,0.124576294,0.103105988,0.266666667,0.02,0.036438923,0.072916667,0.438853726,0.034960295,0.062457439,0.120781438,0.436940837,0.24,0.30703098,0.37210656,0.104113246,0.087559504,0.094486386,0.098467348,models/0_8_PHM_C04_SS_HighNBD__RF_Model_28-Jun-2023_16-30.mdl,226.0870192,19.67450762,1.917039394,22.89306188
9,5,9,SS,PHM C06 SS NBD,data\PHM_Tool_Wear_Data_C06_0p13.csv,RF_Model_PHM_C06_SS_NoNBD.mdl,SS,1,-1,-40,0.13,0.95,0,0.0,800,348,PHM_C06_SS,Separate test set.,40,10,results/MultiRound,,100,70,0.702867248,1.0,0.825187814,0.747120842,0.029944919,0.0,0.02038292,0.026942876,0.534192071,0.545,0.537554276,0.535066547,0.079444214,0.101242284,0.084374605,0.079878101,0.5,0.97,0.659809079,0.553632253,0.015064689,0.034960295,0.020311737,0.01670623,0.39702381,0.12,0.183192918,0.269352176,0.125937215,0.05868939,0.081464295,0.104853487,models/0_9_PHM_C06_SS_NoNBD__RF_Model_28-Jun-2023_16-35.mdl,274.4366405,17.96540856,1.857466936,18.52694607
10,5,10,SS,PHM C06 SS LBD,data\PHM_Tool_Wear_Data_C06_0p13.csv,RF_Model_PHM_C06_SS_LowNBD.mdl,SS,1,-1,-40,0.13,0.95,1000,0.05,800,348,PHM_C06_SS,Separate test set.,40,10,results/MultiRound,,100,70,0.963484848,0.52,0.673125906,0.820440885,0.063830272,0.075277265,0.069409891,0.06088976,0.0,0.0,0.0,0.0,0.0,0.0,0.0,0.0,0.502564103,0.99,0.666627703,0.557434813,0.005405603,0.021081851,0.007598062,0.005815634,0.526985917,0.895,0.663011388,0.574057097,0.03056452,0.055025247,0.035711011,0.032053833,models/0_10_PHM_C06_SS_LowNBD__RF_Model_28-Jun-2023_16-40.mdl,328.0544388,43.77286696,3.445685387,40.64740443
11,5,11,SS,PHM C06 SS HBD,data\PHM_Tool_Wear_Data_C06_0p13.csv,RF_Model_PHM_C06_SS_HighNBD.mdl,SS,1,-1,-40,0.13,0.9,100,0.1,800,348,PHM_C06_SS,Separate test set.,40,10,results/MultiRound,,100,70,0.788874459,0.255,0.380864994,0.547553662,0.17361389,0.068516016,0.087287122,0.111611668,0.0,0.0,0.0,0.0,0.0,0.0,0.0,0.0,0.501212751,0.98,0.663118931,0.555450686,0.007428462,0.034960295,0.013436575,0.00902636,0.542459473,0.76,0.63171578,0.574728128,0.03141838,0.09067647,0.048503421,0.03576255,models/0_11_PHM_C06_SS_HighNBD__RF_Model_28-Jun-2023_16-47.mdl,401.2871006,40.00273013,3.320575237,38.88173866
12,5,12,MS,PHM C01 MS NBD,data\PHM_Tool_Wear_Data_C01_0p12.csv,RF_Model_PHM_C01_MS_NoNBD.mdl,MS,1,-1,-40,0.12,0.925,0,0.0,800,348,PHM_C04_MS,Separate test set.,40,10,results/MultiRound,,100,70,1.0,0.22,0.34,0.55,0.0,0.100138793,0.138764758,0.165902002,0.502564103,1.0,0.668926554,0.558080808,0.005405603,0.0,0.00476426,0.0053237,0.492099792,0.96,0.650609575,0.545229076,0.015527615,0.045946829,0.023933216,0.018130535,0.492627444,0.595,0.537350519,0.509296383,0.076237335,0.11890706,0.089998025,0.080454862,models/3_12_PHM_C04_MS_NoNBD__RF_Model_28-Jun-2023_19-18.mdl,172.6982691,13.8398478,1.509534359,12.32632804
13,5,13,MS,PHM C04 MS NBD,data\PHM_Tool_Wear_Data_C04_0p098.csv,RF_Model_PHM_C04_MS_NoNBD.mdl,MS,1,-1,-80,0.098,0.95,0,0.0,800,348,PHM_C04_MS,Separate test set.,40,10,results/MultiRound,,100,70,0.803015873,0.19,0.295417387,0.454085498,0.150100887,0.084327404,0.110307634,0.12426659,0.510061328,0.525,0.515000028,0.511405942,0.054309072,0.108653373,0.076275341,0.060900422,0.866048951,0.51,0.641115591,0.759027778,0.051990644,0.039440532,0.038823667,0.041491955,0.531201299,0.265,0.350142654,0.438095752,0.192767353,0.108140855,0.129799049,0.156115106,models/0_1_PHM_C04_MS_NoNBD__RF_Model_29-Jun-2023_18-53_0.80_0.19_0.45.mdl,172.2784579,13.71755147,1.530206442,12.27292275
14,5,14,MS,PHM C06 MS NBD,data\PHM_Tool_Wear_Data_C06_0p13.csv,RF_Model_PHM_C06_MS_NoNBD.mdl,MS,1,-1,-80,0.13,0.9,0,0.0,800,348,PHM_C06_MS,Separate test set.,40,10,results/MultiRound,,100,70,0.959880952,0.675,0.790748663,0.883477689,0.057641672,0.063464776,0.050562705,0.047337699,0.498650472,0.975,0.659789597,0.552633897,0.012893307,0.035355339,0.018789808,0.014699993,0.525,0.04,0.073268398,0.14781746,0.447989335,0.031622777,0.057792275,0.11658329,0.530155678,0.425,0.469438886,0.503367955,0.135694448,0.120761473,0.122548537,0.128528198,models/0_2_PHM_C06_MS_NoNBD__RF_Model_29-Jun-2023_18-56_0.96_0.68_0.88.mdl,183.2410157,34.91309261,2.521163464,16.63192058
15,6,0,SS,Simulated NBD,data\Simulated_Dasic_2006_Tool_Wear_Model_Train.csv,RF_Model_Dasic_NoNBD.mdl,SS,1,-1,-100,3.0,1.0,0,0.0,800,121,Dasic,Separate test set.,40,10,results/MultiRound,data\Simulated_Dasic_2006_Tool_Wear_Model_Test.csv,1,2,0.926112366,0.98,0.951661244,0.936021825,0.037101263,0.025819889,0.019318977,0.028969958,0.510986051,0.575,0.539161324,0.521501548,0.069163789,0.10069205,0.078028746,0.071331302,0.475954396,0.89,0.620138782,0.52474882,0.012444671,0.031622777,0.016693713,0.013665408,0.276666667,0.05,0.083258133,0.140584416,0.210847789,0.047140452,0.074877441,0.117464944,models/1_0_Dasic_NoNBD__RF_Model_28-Jun-2023_17-26.mdl,133.5546029,17.0149262,2.15114665,19.97284937
16,6,1,SS,Simulated LBD,data\Simulated_Dasic_2006_Tool_Wear_Model_Train.csv,RF_Model_Dasic_LowNBD.mdl,SS,1,-1,-100,3.0,1.0,1000,0.05,800,121,Dasic,Separate test set.,40,10,results/MultiRound,data\Simulated_Dasic_2006_Tool_Wear_Model_Test.csv,1,2,0.956190476,0.975,0.965240775,0.959727564,0.015438497,0.026352314,0.013122692,0.011954849,0.526681427,0.525,0.522415246,0.52398604,0.109574174,0.14953632,0.127198605,0.116050665,0.582547906,0.97,0.727863785,0.633099446,0.007344048,0.025819889,0.011850299,0.008541471,0.461919192,0.21,0.28408143,0.365535078,0.141404762,0.087559504,0.10447337,0.118320697,models/1_1_Dasic_LowNBD__RF_Model_28-Jun-2023_17-29.mdl,108.1145582,16.41461039,2.385128736,19.83323264
17,6,2,SS,Simulated HBD,data\Simulated_Dasic_2006_Tool_Wear_Model_Train.csv,RF_Model_Dasic_HighNBD.mdl,SS,1,-1,-100,3.0,1.0,100,0.1,800,121,Dasic,Separate test set.,40,10,results/MultiRound,data\Simulated_Dasic_2006_Tool_Wear_Model_Test.csv,1,2,0.839113553,0.965,0.896333216,0.860844591,0.053268705,0.033747428,0.030071421,0.043895441,0.871428571,0.07,0.121885522,0.233630952,0.319083154,0.067494856,0.097275851,0.131994784,0.498717949,0.99,0.663257354,0.553654275,0.004054202,0.021081851,0.007649202,0.004981987,0.636419414,0.295,0.390347201,0.498087841,0.175389943,0.125720148,0.128760006,0.126384412,models/1_2_Dasic_HighNBD__RF_Model_28-Jun-2023_17-32.mdl,110.2886248,16.36086154,2.034357786,20.16388965
18,6,3,SS,PHM C01 SS NBD,data\PHM_Tool_Wear_Data_C01_0p12.csv,RF_Model_PHM_C01_SS_NoNBD.mdl,SS,1,-2,-40,0.12,0.95,0,0.0,800,348,PHM_C01_SS,Separate test set.,40,10,results/MultiRound,,100,70,0.975808081,0.9,0.934812977,0.958578199,0.045128177,0.052704628,0.03109509,0.034456321,0.656310601,0.49,0.55652792,0.610311599,0.066488431,0.06992059,0.051148578,0.045389858,0.2,0.02,0.036363636,0.071428571,0.349602949,0.034960295,0.063564173,0.124858196,0.510781979,0.505,0.504661382,0.507623934,0.109274604,0.146154408,0.117634178,0.110419376,models/1_3_PHM_C01_SS_NoNBD__RF_Model_28-Jun-2023_17-34.mdl,352.1278496,41.32086325,4.999767303,36.97804427
19,6,4,SS,PHM C01 SS LBD,data\PHM_Tool_Wear_Data_C01_0p12.csv,RF_Model_PHM_C01_SS_LowNBD.mdl,SS,1,-1,-100,0.12,0.9,1000,0.05,800,348,PHM_C01_SS,Separate test set.,40,10,results/MultiRound,,100,70,0.0,0.0,0.0,0.0,0.0,0.0,0.0,0.0,0.48004988,0.44,0.45805371,0.470712534,0.090398532,0.093689795,0.089286648,0.089155861,0.416666667,0.03,0.055053642,0.111607143,0.466468212,0.034960295,0.062726974,0.122561003,0.518925422,0.54,0.526718499,0.521492471,0.046639888,0.077459667,0.047277584,0.043341104,models/1_4_PHM_C01_SS_LowNBD__RF_Model_28-Jun-2023_17-42.mdl,189.4019406,12.72764778,0.987154484,11.06047559
20,6,5,SS,PHM C01 SS HBD,data\PHM_Tool_Wear_Data_C01_0p12.csv,RF_Model_PHM_C01_SS_HighNBD.mdl,SS,1,-1,-40,0.12,0.85,100,0.1,800,348,PHM_C01_SS,Separate test set.,40,10,results/MultiRound,,100,70,0.831666667,0.215,0.336357706,0.516657648,0.159561513,0.094428103,0.120859011,0.139689835,0.498717949,0.995,0.66440678,0.553977273,0.004054202,0.015811388,0.00714639,0.004990969,0.35,0.02,0.037662338,0.080357143,0.474341649,0.025819889,0.048637926,0.104095781,0.345,0.075,0.121885173,0.196843434,0.188897059,0.042491829,0.06723953,0.105597194,models/1_5_PHM_C01_SS_HighNBD__RF_Model_28-Jun-2023_17-45.mdl,60.20845962,11.76695061,0.927034855,10.72596669
21,6,6,SS,PHM C04 SS NBD,data\PHM_Tool_Wear_Data_C04_0p098.csv,RF_Model_PHM_C04_SS_NoNBD.mdl,SS,1,-1,-40,0.098,0.95,0,0.0,800,348,PHM_C04_SS,Separate test set.,40,10,results/MultiRound,,100,70,0.853058536,0.955,0.900867765,0.871501463,0.041322087,0.049721446,0.041766199,0.04081019,0.547303124,0.62,0.578224765,0.558633689,0.070749958,0.078881064,0.057316049,0.062883814,0.571968901,0.97,0.719485371,0.623053215,0.019535302,0.053748385,0.029670663,0.022704558,0.499647325,0.555,0.524949788,0.509272917,0.062987504,0.086442017,0.070159226,0.064818132,models/1_6_PHM_C04_SS_NoNBD__RF_Model_28-Jun-2023_17-47.mdl,142.2899225,11.68919897,0.98498702,10.79761314
22,6,7,SS,PHM C04 SS LBD,data\PHM_Tool_Wear_Data_C04_0p098.csv,RF_Model_PHM_C04_SS_LowNBD.mdl,SS,1,-1,-40,0.098,0.85,1000,0.05,800,348,PHM_C04_SS,Separate test set.,40,10,results/MultiRound,,100,70,0.700064935,0.46,0.54574378,0.623297289,0.049960394,0.141027972,0.126931201,0.095151471,0.522463457,0.6,0.554418962,0.533905124,0.097356716,0.105409255,0.086728278,0.090558049,0.047619048,0.015,0.022792023,0.033143939,0.076947299,0.024152295,0.036706834,0.053429012,0.527877285,0.755,0.619492673,0.560768065,0.046586084,0.086442017,0.050944473,0.046154857,models/1_7_PHM_C04_SS_LowNBD__RF_Model_28-Jun-2023_17-49.mdl,128.3230038,12.029562,0.917366743,10.738271
23,6,8,SS,PHM C04 SS HBD,data\PHM_Tool_Wear_Data_C04_0p098.csv,RF_Model_PHM_C04_SS_HighNBD.mdl,SS,1,-1,-100,0.098,0.9,100,0.1,800,348,PHM_C04_SS,Separate test set.,40,10,results/MultiRound,,100,70,0.60634373,0.46,0.517919996,0.565688145,0.073219222,0.130809446,0.107101521,0.087621995,0.445970105,0.345,0.387598517,0.420147918,0.079284453,0.079756574,0.077545519,0.077632922,0.216666667,0.03,0.05256917,0.095982143,0.368932394,0.053748385,0.09364707,0.169031506,0.516145494,0.64,0.570532721,0.536436472,0.073456566,0.1197219,0.091168563,0.079499657,models/1_8_PHM_C04_SS_HighNBD__RF_Model_28-Jun-2023_17-52.mdl,127.2905283,11.90745497,0.936891556,10.73980975
24,6,9,SS,PHM C06 SS NBD,data\PHM_Tool_Wear_Data_C06_0p13.csv,RF_Model_PHM_C06_SS_NoNBD.mdl,SS,1,-1,-40,0.13,0.95,0,0.0,800,348,PHM_C06_SS,Separate test set.,40,10,results/MultiRound,,100,70,0.889422172,0.985,0.934201099,0.906686648,0.049703737,0.024152295,0.032407637,0.042671976,0.534402303,0.87,0.661409222,0.57877638,0.031003963,0.063245553,0.036350153,0.032135483,0.35,0.025,0.046320346,0.095238095,0.411636301,0.026352314,0.048851513,0.100976275,0.600530629,0.59,0.585624681,0.591866584,0.119409782,0.132916014,0.09554932,0.100720395,models/1_9_PHM_C06_SS_NoNBD__RF_Model_28-Jun-2023_17-55.mdl,142.3016269,12.68584108,0.937730312,10.87913203
25,6,10,SS,PHM C06 SS LBD,data\PHM_Tool_Wear_Data_C06_0p13.csv,RF_Model_PHM_C06_SS_LowNBD.mdl,SS,1,-1,-40,0.13,0.95,1000,0.05,800,348,PHM_C06_SS,Separate test set.,40,10,results/MultiRound,,100,70,0.0,0.0,0.0,0.0,0.0,0.0,0.0,0.0,0.522028628,0.515,0.516663252,0.519417297,0.067437435,0.05797509,0.054382144,0.060456302,0.502631579,0.985,0.665556205,0.557185224,0.0119291,0.024152295,0.014625056,0.012774148,0.31,0.055,0.091903111,0.155758478,0.167626864,0.028382311,0.046202898,0.076275453,models/1_10_PHM_C06_SS_LowNBD__RF_Model_28-Jun-2023_17-57.mdl,91.65923142,12.7650547,0.921947002,10.77927279
26,6,11,SS,PHM C06 SS HBD,data\PHM_Tool_Wear_Data_C06_0p13.csv,RF_Model_PHM_C06_SS_HighNBD.mdl,SS,1,-1,-40,0.13,0.9,100,0.1,800,348,PHM_C06_SS,Separate test set.,40,10,results/MultiRound,,100,70,0.657995338,0.31,0.415770038,0.5291991,0.108503011,0.051639778,0.051879958,0.060187293,0.499908611,0.52,0.50709734,0.502077468,0.043791094,0.091893658,0.060685717,0.047288602,0.505128205,0.99,0.66888759,0.559960066,0.014061448,0.031622777,0.018570409,0.015472776,0.201111111,0.065,0.094721101,0.134388528,0.268228451,0.088349055,0.125162253,0.173824504,models/1_11_PHM_C06_SS_HighNBD__RF_Model_28-Jun-2023_17-59.mdl,121.8021302,12.04678035,0.929600716,10.80689025
27,6,12,MS,PHM C01 MS NBD,data\PHM_Tool_Wear_Data_C01_0p12.csv,RF_Model_PHM_C01_MS_NoNBD.mdl,MS,1,-1,-80,0.12,0.9,0,0.0,800,348,PHM_C01_MS,Separate test set.,40,10,results/MultiRound,,100,70,0.5,1.0,0.666666667,0.555555556,0.0,0.0,0.0,0.0,0.0,0.0,0.0,0.0,0.0,0.0,0.0,0.0,0.4,0.025,0.046753247,0.098214286,0.516397779,0.035355339,0.065328295,0.133873445,0.510285691,0.64,0.564302884,0.529974461,0.083691845,0.146818104,0.102607903,0.089175986,models/1_0_PHM_C01_MS_NoNBD__RF_Model_29-Jun-2023_19-00_0.50_1.00_0.56.mdl,180.4558032,13.17427349,1.683446169,11.59706879
28,6,13,MS,PHM C04 MS NBD,data\PHM_Tool_Wear_Data_C04_0p098.csv,RF_Model_PHM_C04_MS_NoNBD.mdl,MS,1,-1,-80,0.098,0.95,0,0.0,800,348,PHM_C04_MS,Separate test set.,40,10,results/MultiRound,,100,70,0.746828773,0.655,0.694390389,0.723911979,0.092756375,0.086442017,0.074250673,0.080478346,0.468449095,0.475,0.466981596,0.466598876,0.082173083,0.162018517,0.121027163,0.097508943,0.494871795,0.97,0.65534775,0.54860377,0.008964178,0.025819889,0.013047609,0.010176609,0.452164502,0.275,0.340281806,0.398723158,0.137134076,0.103413947,0.117728029,0.128599896,models/1_1_PHM_C04_MS_NoNBD__RF_Model_29-Jun-2023_19-04_0.75_0.65_0.72.mdl,171.3157225,12.86788821,1.524245024,11.72798705
29,6,14,MS,PHM C06 MS NBD,data\PHM_Tool_Wear_Data_C06_0p13.csv,RF_Model_PHM_C06_MS_NoNBD.mdl,MS,1,-1,-80,0.13,0.9,0,0.0,800,348,PHM_C06_MS,Separate test set.,40,10,results/MultiRound,,100,70,0.5,1.0,0.666666667,0.555555556,0.0,0.0,0.0,0.0,0.498368687,0.64,0.559433023,0.52096128,0.091463585,0.112546287,0.097871284,0.093454097,0.05,0.005,0.009090909,0.017857143,0.158113883,0.015811388,0.028747979,0.056469244,0.489484127,0.185,0.263849561,0.360646829,0.19141809,0.074721706,0.094644397,0.12537167,models/1_2_PHM_C06_MS_NoNBD__RF_Model_29-Jun-2023_19-07_0.50_1.00_0.56.mdl,167.7820814,13.72811413,1.540013552,12.42568779
30,7,0,SS,Simulated NBD,data\Simulated_Dasic_2006_Tool_Wear_Model_Train.csv,RF_Model_Dasic_NoNBD.mdl,SS,1,-1,-100,3.0,1.0,0,0.0,800,121,Dasic,Separate test set.,40,10,results/MultiRound,data\Simulated_Dasic_2006_Tool_Wear_Model_Test.csv,1,2,1.0,0.715,0.833019268,0.925464703,0.0,0.047434165,0.032150363,0.015868516,0.0,0.0,0.0,0.0,0.0,0.0,0.0,0.0,0.498503952,0.955,0.654902148,0.55113563,0.018002236,0.055025247,0.02738378,0.020783118,0.261666667,0.05,0.082815547,0.137996032,0.25166728,0.057735027,0.092464788,0.145612483,models/2_0_Dasic_NoNBD__RF_Model_28-Jun-2023_18-11.mdl,61.63005257,19.80368447,1.033494949,10.9958117
31,7,1,SS,Simulated LBD,data\Simulated_Dasic_2006_Tool_Wear_Model_Train.csv,RF_Model_Dasic_LowNBD.mdl,SS,1,-1,-100,3.0,1.0,1000,0.05,800,121,Dasic,Separate test set.,40,10,results/MultiRound,data\Simulated_Dasic_2006_Tool_Wear_Model_Test.csv,1,2,0.994117647,0.83,0.904174852,0.955915914,0.018601633,0.042163702,0.028239505,0.01987554,0.511605339,0.445,0.471184006,0.493044688,0.073908881,0.116547558,0.09097478,0.07714463,0.500146199,0.975,0.660980073,0.554058201,0.014113205,0.035355339,0.017329293,0.014914942,0.301666667,0.07,0.112087275,0.177627234,0.225318704,0.053748385,0.084096871,0.130438857,models/2_1_Dasic_LowNBD__RF_Model_28-Jun-2023_18-13.mdl,46.38556981,15.18136144,1.470286608,17.59108305
32,7,2,SS,Simulated HBD,data\Simulated_Dasic_2006_Tool_Wear_Model_Train.csv,RF_Model_Dasic_HighNBD.mdl,SS,1,-1,-100,3.0,1.0,100,0.1,800,121,Dasic,Separate test set.,40,10,results/MultiRound,data\Simulated_Dasic_2006_Tool_Wear_Model_Test.csv,1,2,0.875111833,0.47,0.60834094,0.742647927,0.086802218,0.097752522,0.099843665,0.093782917,0.59522395,0.58,0.583849265,0.589731155,0.079693096,0.085634884,0.067961789,0.071450859,0.497368421,0.985,0.660939022,0.552009925,0.010284831,0.033747428,0.016412098,0.012138454,0.444920635,0.135,0.201434951,0.292334055,0.133595107,0.081819585,0.105623762,0.123843556,models/2_2_Dasic_HighNBD__RF_Model_28-Jun-2023_18-14.mdl,50.21197987,14.43483639,0.972584248,11.1426506
33,7,3,SS,PHM C01 SS NBD,data\PHM_Tool_Wear_Data_C01_0p12.csv,RF_Model_PHM_C01_SS_NoNBD.mdl,SS,1,-2,-40,0.12,0.95,0,0.0,800,348,PHM_C01_SS,Separate test set.,40,10,results/MultiRound,,100,70,1.0,0.7,0.817766252,0.915567438,0.0,0.122474487,0.089292209,0.047995787,0.502252791,0.505,0.501301273,0.501296217,0.137667496,0.149907379,0.138754869,0.13680001,0.35,0.02,0.037662338,0.080357143,0.474341649,0.025819889,0.048637926,0.104095781,0.586984127,0.24,0.339562124,0.453617216,0.078913796,0.039440532,0.048927748,0.059920993,models/2_3_PHM_C01_SS_NoNBD__RF_Model_28-Jun-2023_18-15.mdl,149.8472478,13.00000286,0.971570253,11.20203137
34,7,4,SS,PHM C01 SS LBD,data\PHM_Tool_Wear_Data_C01_0p12.csv,RF_Model_PHM_C01_SS_LowNBD.mdl,SS,1,-1,-100,0.12,0.9,1000,0.05,800,348,PHM_C01_SS,Separate test set.,40,10,results/MultiRound,,100,70,0.0,0.0,0.0,0.0,0.0,0.0,0.0,0.0,0.498717949,0.995,0.66440678,0.553977273,0.004054202,0.015811388,0.00714639,0.004990969,0.15,0.015,0.026190476,0.048611111,0.337474279,0.033747428,0.057724116,0.103780147,0.420238095,0.14,0.207946683,0.295891608,0.235622076,0.080966385,0.116236606,0.161257571,models/2_4_PHM_C01_SS_LowNBD__RF_Model_28-Jun-2023_18-18.mdl,104.3357515,12.03616977,0.937155008,11.09969211
35,7,5,SS,PHM C01 SS HBD,data\PHM_Tool_Wear_Data_C01_0p12.csv,RF_Model_PHM_C01_SS_HighNBD.mdl,SS,1,-1,-40,0.12,0.85,100,0.1,800,348,PHM_C01_SS,Separate test set.,40,10,results/MultiRound,,100,70,0.720219096,0.895,0.79698712,0.748871437,0.039610763,0.064334197,0.039322947,0.037486249,0.494884224,0.505,0.496761933,0.494843948,0.056358241,0.101242284,0.070491663,0.058985067,0.416666667,0.045,0.081027668,0.15625,0.402538243,0.043779752,0.078528132,0.15065816,0.532992253,0.335,0.407096702,0.472187382,0.120265817,0.085146932,0.091807175,0.102189478,models/2_5_PHM_C01_SS_HighNBD__RF_Model_28-Jun-2023_18-20.mdl,93.62519097,11.96120763,0.950270414,10.7415657
36,7,6,SS,PHM C04 SS NBD,data\PHM_Tool_Wear_Data_C04_0p098.csv,RF_Model_PHM_C04_SS_NoNBD.mdl,SS,1,-1,-40,0.098,0.95,0,0.0,800,348,PHM_C04_SS,Separate test set.,40,10,results/MultiRound,,100,70,0.593991384,1.0,0.745137113,0.646424419,0.018383291,0.0,0.014546,0.017450375,0.443218453,0.37,0.400011731,0.423807449,0.098506592,0.141813649,0.121813766,0.107898879,0.501282051,0.99,0.665536723,0.556186869,0.009459805,0.021081851,0.012435084,0.010394856,0.41234127,0.16,0.228446311,0.309795066,0.210902024,0.084327404,0.118257453,0.158444453,models/2_6_PHM_C04_SS_NoNBD__RF_Model_28-Jun-2023_18-22.mdl,141.81427,12.27424097,0.898412704,10.9051919
37,7,7,SS,PHM C04 SS LBD,data\PHM_Tool_Wear_Data_C04_0p098.csv,RF_Model_PHM_C04_SS_LowNBD.mdl,SS,1,-1,-40,0.098,0.85,1000,0.05,800,348,PHM_C04_SS,Separate test set.,40,10,results/MultiRound,,100,70,0.675527655,0.91,0.774871793,0.711957001,0.051463649,0.056764621,0.050199317,0.050749819,0.52770026,0.775,0.626904123,0.563220899,0.039055544,0.079056942,0.048018763,0.041241325,0.506906907,0.985,0.669168684,0.56133636,0.019577321,0.024152295,0.019668771,0.019773667,0.43,0.07,0.117806223,0.203183622,0.308500955,0.048304589,0.079229539,0.133836685,models/2_7_PHM_C04_SS_LowNBD__RF_Model_28-Jun-2023_18-25.mdl,124.6716931,12.10085773,0.90103054,10.68606591
38,7,8,SS,PHM C04 SS HBD,data\PHM_Tool_Wear_Data_C04_0p098.csv,RF_Model_PHM_C04_SS_HighNBD.mdl,SS,1,-1,-100,0.098,0.9,100,0.1,800,348,PHM_C04_SS,Separate test set.,40,10,results/MultiRound,,100,70,0.5,1.0,0.666666667,0.555555556,0.0,0.0,0.0,0.0,0.521516569,0.925,0.666652961,0.571228789,0.018829523,0.042491829,0.021839591,0.019461926,0.3875,0.16,0.225975748,0.300886613,0.042657961,0.031622777,0.03903832,0.043174269,0.42452381,0.22,0.284610806,0.351558613,0.165438788,0.125166556,0.14203933,0.154771339,models/2_8_PHM_C04_SS_HighNBD__RF_Model_28-Jun-2023_18-28.mdl,144.6614172,15.10801148,0.995604992,13.57350659
39,7,9,SS,PHM C06 SS NBD,data\PHM_Tool_Wear_Data_C06_0p13.csv,RF_Model_PHM_C06_SS_NoNBD.mdl,SS,1,-1,-40,0.13,0.95,0,0.0,800,348,PHM_C06_SS,Separate test set.,40,10,results/MultiRound,,100,70,1.0,0.605,0.752297165,0.8828125,0.0,0.05986095,0.047584103,0.026848983,0.165269175,0.08,0.106883124,0.135014791,0.07401335,0.042163702,0.052820415,0.063100299,0.505860806,0.965,0.663488732,0.558952221,0.026474217,0.04116363,0.028975654,0.027353632,0.347451584,0.175,0.226972162,0.283082196,0.112645443,0.082495791,0.085163916,0.091304501,models/2_9_PHM_C06_SS_NoNBD__RF_Model_28-Jun-2023_18-31.mdl,186.527051,18.62456131,1.103017807,13.43726993
40,7,10,SS,PHM C06 SS LBD,data\PHM_Tool_Wear_Data_C06_0p13.csv,RF_Model_PHM_C06_SS_LowNBD.mdl,SS,1,-1,-40,0.13,0.95,1000,0.05,800,348,PHM_C06_SS,Separate test set.,40,10,results/MultiRound,,100,70,0.977777778,0.405,0.570218798,0.758200133,0.046848558,0.05986095,0.062170854,0.050902276,0.51279856,0.49,0.498147221,0.50600551,0.073064781,0.141027972,0.108000063,0.087156394,0.35,0.025,0.046320346,0.095238095,0.411636301,0.026352314,0.048851513,0.100976275,0.268333333,0.055,0.08897669,0.143921356,0.343767255,0.064334197,0.10293302,0.16606708,models/2_10_PHM_C06_SS_LowNBD__RF_Model_28-Jun-2023_18-34.mdl,128.6233835,12.57415104,0.964971066,11.38382316
41,7,11,SS,PHM C06 SS HBD,data\PHM_Tool_Wear_Data_C06_0p13.csv,RF_Model_PHM_C06_SS_HighNBD.mdl,SS,1,-1,-40,0.13,0.9,100,0.1,800,348,PHM_C06_SS,Separate test set.,40,10,results/MultiRound,,100,70,0.73152221,0.78,0.752675769,0.739269259,0.041643198,0.071492035,0.041205072,0.036036203,0.519920547,0.56,0.537914152,0.526687297,0.075723717,0.06992059,0.066527113,0.071013561,0.501282051,0.98,0.663218391,0.555533533,0.01438248,0.034960295,0.01949824,0.015949012,0.401666667,0.11,0.166826536,0.24859238,0.18315648,0.09067647,0.124048857,0.156046725,models/2_11_PHM_C06_SS_HighNBD__RF_Model_28-Jun-2023_18-37.mdl,121.6130741,12.6941855,0.93358016,10.90031838
42,7,12,MS,PHM C01 MS NBD,data\PHM_Tool_Wear_Data_C01_0p12.csv,RF_Model_PHM_C01_MS_NoNBD.mdl,MS,1,-1,-80,0.12,0.9,0,0.0,800,348,PHM_C01_MS,Separate test set.,40,10,results/MultiRound,,100,70,0.675818737,0.995,0.804546467,0.721975353,0.032169065,0.015811388,0.024324139,0.029715853,0.0,0.0,0.0,0.0,0.0,0.0,0.0,0.0,0.079503968,0.065,0.071404492,0.076014765,0.034053596,0.033747428,0.034071795,0.03411036,0.526547619,0.21,0.296905983,0.399125874,0.157729035,0.077459667,0.099545883,0.12286281,models/2_0_PHM_C01_MS_NoNBD__RF_Model_29-Jun-2023_19-10_0.68_0.99_0.72.mdl,169.1201694,13.54683375,1.640727043,12.04311728
43,7,13,MS,PHM C04 MS NBD,data\PHM_Tool_Wear_Data_C04_0p098.csv,RF_Model_PHM_C04_MS_NoNBD.mdl,MS,1,-1,-80,0.098,0.95,0,0.0,800,348,PHM_C04_MS,Separate test set.,40,10,results/MultiRound,,100,70,0.891666667,0.105,0.18060816,0.326907468,0.147248425,0.064334197,0.095521594,0.126472641,0.481504454,0.61,0.536930908,0.502018241,0.055599279,0.080966385,0.059882004,0.055992797,0.496223146,0.965,0.655328268,0.549588493,0.008802973,0.024152295,0.010653526,0.009187049,0.494768914,0.58,0.531231612,0.508132941,0.065515923,0.085634884,0.059499376,0.059761005,models/2_1_PHM_C04_MS_NoNBD__RF_Model_29-Jun-2023_19-14_0.89_0.11_0.33.mdl,169.0887108,14.10329843,1.63399744,11.52420259
44,7,14,MS,PHM C06 MS NBD,data\PHM_Tool_Wear_Data_C06_0p13.csv,RF_Model_PHM_C06_MS_NoNBD.mdl,MS,1,-1,-80,0.13,0.9,0,0.0,800,348,PHM_C06_MS,Separate test set.,40,10,results/MultiRound,,100,70,0.985,0.635,0.77103164,0.886089611,0.031865845,0.052967495,0.041720905,0.031886418,0.498787249,0.985,0.662146893,0.553391053,0.007428462,0.024152295,0.00952852,0.00781568,0.6,0.035,0.065800866,0.139880952,0.516397779,0.033747428,0.062460464,0.128624389,0.505498883,0.7,0.584388548,0.533881334,0.047399812,0.074535599,0.039156732,0.04147179,models/2_2_PHM_C06_MS_NoNBD__RF_Model_29-Jun-2023_19-17_0.98_0.64_0.89.mdl,164.7791328,13.05167437,1.504667759,11.39279819
45,8,0,SS,Simulated NBD,data\Simulated_Dasic_2006_Tool_Wear_Model_Train.csv,RF_Model_Dasic_NoNBD.mdl,SS,1,-1,-100,3.0,1.0,0,0.0,800,121,Dasic,Separate test set.,40,10,results/MultiRound,data\Simulated_Dasic_2006_Tool_Wear_Model_Test.csv,1,2,1.0,0.79,0.882368082,0.949269481,0.0,0.031622777,0.019720337,0.009131911,0.543867547,0.78,0.640308468,0.578652018,0.040979441,0.071492035,0.048765079,0.043155758,0.494663895,0.965,0.653979924,0.548062645,0.015565714,0.047434165,0.024116976,0.018183046,0.568870296,0.23,0.318725111,0.423153042,0.173433673,0.091893658,0.120268848,0.149175973,models/3_0_Dasic_NoNBD__RF_Model_28-Jun-2023_18-49.mdl,51.99945855,21.43167305,1.07519412,12.17242503
46,8,1,SS,Simulated LBD,data\Simulated_Dasic_2006_Tool_Wear_Model_Train.csv,RF_Model_Dasic_LowNBD.mdl,SS,1,-1,-100,3.0,1.0,1000,0.05,800,121,Dasic,Separate test set.,40,10,results/MultiRound,data\Simulated_Dasic_2006_Tool_Wear_Model_Test.csv,1,2,0.834532279,1.0,0.909473472,0.86291279,0.033945902,0.0,0.019843551,0.028859261,0.531011042,0.725,0.612174721,0.560607466,0.060742444,0.075461543,0.061831393,0.060516612,0.283333333,0.03,0.053397327,0.101190476,0.41611074,0.048304589,0.084614406,0.155290421,0.433381896,0.19,0.260654636,0.340049707,0.207847272,0.117378779,0.14610609,0.17473464,models/3_1_Dasic_LowNBD__RF_Model_28-Jun-2023_18-50.mdl,46.84697938,24.97607636,1.549489975,12.81357932
47,8,2,SS,Simulated HBD,data\Simulated_Dasic_2006_Tool_Wear_Model_Train.csv,RF_Model_Dasic_HighNBD.mdl,SS,1,-1,-100,3.0,1.0,100,0.1,800,121,Dasic,Separate test set.,40,10,results/MultiRound,data\Simulated_Dasic_2006_Tool_Wear_Model_Test.csv,1,2,0.920874271,0.97,0.944100268,0.929867979,0.036675717,0.034960295,0.023292047,0.029478997,0.535963674,0.695,0.603172355,0.560647308,0.079175047,0.121220644,0.087256978,0.080775338,0.2,0.015,0.027705628,0.056547619,0.349602949,0.024152295,0.044625855,0.091409917,0.336071429,0.08,0.126718303,0.198543124,0.255443415,0.063245553,0.098079751,0.150671355,models/3_2_Dasic_HighNBD__RF_Model_28-Jun-2023_18-51.mdl,50.94423509,21.73711824,1.753598452,19.18654966
48,8,3,SS,PHM C01 SS NBD,data\PHM_Tool_Wear_Data_C01_0p12.csv,RF_Model_PHM_C01_SS_NoNBD.mdl,SS,1,-2,-40,0.12,0.95,0,0.0,800,348,PHM_C01_SS,Separate test set.,40,10,results/MultiRound,,100,70,0.0,0.0,0.0,0.0,0.0,0.0,0.0,0.0,0.603809227,0.685,0.637631863,0.616021487,0.094217114,0.100138793,0.076610697,0.084045517,0.85952381,0.255,0.392535613,0.581439394,0.107919,0.015811388,0.02618115,0.049549033,0.512502334,0.47,0.488626494,0.502206218,0.091268529,0.085634884,0.080732359,0.084686277,models/3_3_PHM_C01_SS_NoNBD__RF_Model_28-Jun-2023_18-53.mdl,149.5787976,13.2819736,0.99251008,11.7267518
49,8,4,SS,PHM C01 SS LBD,data\PHM_Tool_Wear_Data_C01_0p12.csv,RF_Model_PHM_C01_SS_LowNBD.mdl,SS,1,-1,-100,0.12,0.9,1000,0.05,800,348,PHM_C01_SS,Separate test set.,40,10,results/MultiRound,,100,70,0.5,0.025,0.047619048,0.104166667,0.527046277,0.026352314,0.050194883,0.109801308,0.477947102,0.41,0.439084873,0.460903545,0.083706453,0.104880885,0.092466356,0.08620608,0.275,0.05,0.08442029,0.144097222,0.309444943,0.057735027,0.096950666,0.164101025,0.116666667,0.015,0.026482213,0.049107143,0.249072353,0.033747428,0.059158106,0.108232718,models/3_4_PHM_C01_SS_LowNBD__RF_Model_28-Jun-2023_18-56.mdl,144.7928271,26.1629889,1.320606232,15.69606996
50,8,5,SS,PHM C01 SS HBD,data\PHM_Tool_Wear_Data_C01_0p12.csv,RF_Model_PHM_C01_SS_HighNBD.mdl,SS,1,-1,-40,0.12,0.85,100,0.1,800,348,PHM_C01_SS,Separate test set.,40,10,results/MultiRound,,100,70,0.7,0.045,0.083982684,0.175595238,0.421637021,0.028382311,0.052076161,0.105411123,0.506482287,0.81,0.622807335,0.547319609,0.037350907,0.06992059,0.045823267,0.039880121,0.502633403,0.99,0.666666667,0.557494589,0.00820815,0.021081851,0.00922595,0.008358384,0.467142857,0.155,0.230992267,0.32960373,0.153407997,0.055025247,0.077741815,0.106420373,models/3_5_PHM_C01_SS_HighNBD__RF_Model_28-Jun-2023_18-59.mdl,91.18763971,13.22731256,1.013812065,11.96913218
51,8,6,SS,PHM C04 SS NBD,data\PHM_Tool_Wear_Data_C04_0p098.csv,RF_Model_PHM_C04_SS_NoNBD.mdl,SS,1,-1,-40,0.098,0.95,0,0.0,800,348,PHM_C04_SS,Separate test set.,40,10,results/MultiRound,,100,70,0.689222259,0.965,0.803321837,0.730627005,0.052966685,0.052967495,0.048783658,0.051436443,0.539690845,0.505,0.51835523,0.530059128,0.122620454,0.142302495,0.124992741,0.121325145,0.25,0.02,0.036796537,0.074404762,0.424918293,0.034960295,0.06399024,0.128010793,0.60047619,0.105,0.172249416,0.287071609,0.343139581,0.064334197,0.09773663,0.14897565,models/3_6_PHM_C04_SS_NoNBD__RF_Model_28-Jun-2023_19-01.mdl,156.3049212,12.97363257,0.980584621,11.95058203
52,8,7,SS,PHM C04 SS LBD,data\PHM_Tool_Wear_Data_C04_0p098.csv,RF_Model_PHM_C04_SS_LowNBD.mdl,SS,1,-1,-40,0.098,0.85,1000,0.05,800,348,PHM_C04_SS,Separate test set.,40,10,results/MultiRound,,100,70,0.751325804,0.975,0.848303455,0.787266786,0.042726406,0.035355339,0.037216958,0.040616689,0.498282562,0.525,0.508835171,0.501867722,0.087335409,0.147667043,0.113514235,0.096639087,0.3,0.03,0.053463203,0.10218254,0.421637021,0.042163702,0.074227313,0.139677936,0.497889378,0.39,0.435899765,0.470588165,0.105344833,0.117378779,0.111814024,0.10782675,models/3_7_PHM_C04_SS_LowNBD__RF_Model_28-Jun-2023_19-04.mdl,139.0125437,13.63822031,0.995911837,12.75462675
53,8,8,SS,PHM C04 SS HBD,data\PHM_Tool_Wear_Data_C04_0p098.csv,RF_Model_PHM_C04_SS_HighNBD.mdl,SS,1,-1,-100,0.098,0.9,100,0.1,800,348,PHM_C04_SS,Separate test set.,40,10,results/MultiRound,,100,70,0.641572117,0.965,0.770631453,0.687622549,0.028360257,0.033747428,0.030090614,0.029007872,0.0,0.0,0.0,0.0,0.0,0.0,0.0,0.0,0.3,0.02,0.037229437,0.077380952,0.483045892,0.034960295,0.064410257,0.131012492,0.426854257,0.265,0.32142584,0.374946742,0.154934958,0.115590273,0.123260697,0.136269713,models/3_8_PHM_C04_SS_HighNBD__RF_Model_28-Jun-2023_19-07.mdl,139.0799854,13.32734847,0.976493359,11.86848402
54,8,9,SS,PHM C06 SS NBD,data\PHM_Tool_Wear_Data_C06_0p13.csv,RF_Model_PHM_C06_SS_NoNBD.mdl,SS,1,-1,-40,0.13,0.95,0,0.0,800,348,PHM_C06_SS,Separate test set.,40,10,results/MultiRound,,100,70,1.0,0.16,0.270475322,0.469719517,0.0,0.06992059,0.099414989,0.118866188,0.518156361,0.515,0.513344314,0.515453167,0.10001116,0.156436,0.122668875,0.107466861,0.566666667,0.045,0.081573499,0.161458333,0.417221852,0.028382311,0.050187292,0.096506542,0.52332977,0.39,0.442011416,0.485487723,0.140834361,0.104880885,0.106632272,0.119239816,models/3_9_PHM_C06_SS_NoNBD__RF_Model_28-Jun-2023_19-10.mdl,162.6819317,13.36643338,0.986373425,11.67496157
55,8,10,SS,PHM C06 SS LBD,data\PHM_Tool_Wear_Data_C06_0p13.csv,RF_Model_PHM_C06_SS_LowNBD.mdl,SS,1,-1,-40,0.13,0.95,1000,0.05,800,348,PHM_C06_SS,Separate test set.,40,10,results/MultiRound,,100,70,0.0,0.0,0.0,0.0,0.0,0.0,0.0,0.0,0.0,0.0,0.0,0.0,0.0,0.0,0.0,0.0,0.497368421,0.975,0.658659653,0.551371271,0.0119291,0.035355339,0.017893677,0.013726147,0.519996042,0.545,0.529328941,0.522896948,0.065148108,0.101242284,0.077682763,0.067813193,models/3_10_PHM_C06_SS_LowNBD__RF_Model_28-Jun-2023_19-13.mdl,151.3863919,13.50484371,0.995844126,11.81932974
56,8,11,SS,PHM C06 SS HBD,data\PHM_Tool_Wear_Data_C06_0p13.csv,RF_Model_PHM_C06_SS_HighNBD.mdl,SS,1,-1,-40,0.13,0.9,100,0.1,800,348,PHM_C06_SS,Separate test set.,40,10,results/MultiRound,,100,70,0.651132459,0.945,0.770090935,0.693873935,0.036240653,0.049721446,0.031453034,0.033624067,0.0,0.0,0.0,0.0,0.0,0.0,0.0,0.0,0.498787249,0.98,0.661016949,0.553075397,0.009576415,0.025819889,0.012204785,0.01023948,0.381428571,0.095,0.150479623,0.233838384,0.258291087,0.05986095,0.094954529,0.14949854,models/3_11_PHM_C06_SS_HighNBD__RF_Model_28-Jun-2023_19-16.mdl,124.4079463,13.657372,0.998428106,11.66296315
57,8,12,MS,PHM C01 MS NBD,data\PHM_Tool_Wear_Data_C01_0p12.csv,RF_Model_PHM_C01_MS_NoNBD.mdl,MS,1,-1,-80,0.12,0.9,0,0.0,800,348,PHM_C01_MS,Separate test set.,40,10,results/MultiRound,,100,70,0.5,1.0,0.666666667,0.555555556,0.0,0.0,0.0,0.0,0.49457256,0.52,0.504306365,0.497817477,0.125404202,0.154919334,0.13291643,0.126659357,0.501212751,0.975,0.662008469,0.555142371,0.011324019,0.035355339,0.017251102,0.013073667,0.537511378,0.285,0.367150189,0.449301061,0.114266412,0.088349055,0.098626637,0.103041802,models/3_0_PHM_C01_MS_NoNBD__RF_Model_29-Jun-2023_19-20_0.50_1.00_0.56.mdl,160.2212632,14.34797668,1.767033577,12.24198937
58,8,13,MS,PHM C04 MS NBD,data\PHM_Tool_Wear_Data_C04_0p098.csv,RF_Model_PHM_C04_MS_NoNBD.mdl,MS,1,-1,-80,0.098,0.95,0,0.0,800,348,PHM_C04_MS,Separate test set.,40,10,results/MultiRound,,100,70,0.823214286,0.29,0.423760861,0.591783217,0.200662836,0.1197219,0.155532879,0.185274301,0.523818796,0.43,0.465989406,0.497040711,0.088290128,0.097752522,0.070195288,0.071249138,0.066666667,0.01,0.017391304,0.03125,0.210818511,0.031622777,0.054996133,0.098821177,0.506396323,0.57,0.534868543,0.517112231,0.087766353,0.08232726,0.079773143,0.083782813,models/3_1_PHM_C04_MS_NoNBD__RF_Model_29-Jun-2023_19-23_0.82_0.29_0.59.mdl,168.4345751,12.87447453,1.509526968,11.39177489
59,8,14,MS,PHM C06 MS NBD,data\PHM_Tool_Wear_Data_C06_0p13.csv,RF_Model_PHM_C06_MS_NoNBD.mdl,MS,1,-1,-80,0.13,0.9,0,0.0,800,348,PHM_C06_MS,Separate test set.,40,10,results/MultiRound,,100,70,0.981818182,0.54,0.69318555,0.839789041,0.057495957,0.093689795,0.080598371,0.062647041,0.477693796,0.565,0.514982513,0.491425528,0.083927599,0.141519531,0.103409026,0.089949717,0.5,0.98,0.662006345,0.554239395,0.006043648,0.034960295,0.01115652,0.007051648,0.528797619,0.5,0.509597024,0.519800851,0.091080207,0.150923086,0.116425864,0.09939735,models/3_2_PHM_C06_MS_NoNBD__RF_Model_29-Jun-2023_19-27_0.98_0.54_0.84.mdl,168.34271,14.21523595,1.677917242,11.82471681
60,9,0,SS,Simulated NBD,data\Simulated_Dasic_2006_Tool_Wear_Model_Train.csv,RF_Model_Dasic_NoNBD.mdl,SS,1,-1,-100,3.0,1.0,0,0.0,800,121,Dasic,Separate test set.,40,10,results/MultiRound,data\Simulated_Dasic_2006_Tool_Wear_Model_Test.csv,1,2,0.887445887,0.97,0.926301341,0.902470773,0.043981964,0.034960295,0.032304016,0.038662575,0.0,0.0,0.0,0.0,0.0,0.0,0.0,0.0,0.498650472,0.97,0.65862069,0.552303559,0.011389104,0.034960295,0.017091015,0.013067174,0.467579365,0.16,0.233236116,0.327971334,0.20644619,0.084327404,0.11149476,0.143568452,models/4_0_Dasic_NoNBD__RF_Model_28-Jun-2023_19-29.mdl,55.85519004,21.23190308,1.096630335,12.42767954
61,9,1,SS,Simulated LBD,data\Simulated_Dasic_2006_Tool_Wear_Model_Train.csv,RF_Model_Dasic_LowNBD.mdl,SS,1,-1,-100,3.0,1.0,1000,0.05,800,121,Dasic,Separate test set.,40,10,results/MultiRound,data\Simulated_Dasic_2006_Tool_Wear_Model_Test.csv,1,2,0.956984507,0.955,0.955063385,0.955993822,0.04553865,0.043779752,0.032492091,0.037981639,0.519885933,0.485,0.499139246,0.510556688,0.079547019,0.117968922,0.098988865,0.086994546,0.494871795,0.98,0.657627119,0.549242424,0.006620484,0.025819889,0.011670006,0.008150217,0.578583949,0.375,0.449994776,0.516884122,0.139261042,0.12527747,0.126727098,0.129966001,models/4_1_Dasic_LowNBD__RF_Model_28-Jun-2023_19-30.mdl,49.21832609,13.36280131,1.068174839,11.58523226
62,9,2,SS,Simulated HBD,data\Simulated_Dasic_2006_Tool_Wear_Model_Train.csv,RF_Model_Dasic_HighNBD.mdl,SS,1,-1,-100,3.0,1.0,100,0.1,800,121,Dasic,Separate test set.,40,10,results/MultiRound,data\Simulated_Dasic_2006_Tool_Wear_Model_Test.csv,1,2,0.876874472,0.845,0.859454014,0.869515993,0.045811857,0.064334197,0.044946098,0.041968949,0.515836707,0.54,0.523737712,0.518066006,0.065353826,0.126491106,0.085651291,0.07020994,0.61472332,0.7,0.654409667,0.629967335,0.022126091,0.0,0.012305903,0.018454027,0.425,0.105,0.168076923,0.263257576,0.297442805,0.076194196,0.1210501,0.187527513,models/4_2_Dasic_HighNBD__RF_Model_28-Jun-2023_19-31.mdl,53.69578528,20.93579245,1.124774218,12.08245993
63,9,3,SS,PHM C01 SS NBD,data\PHM_Tool_Wear_Data_C01_0p12.csv,RF_Model_PHM_C01_SS_NoNBD.mdl,SS,1,-2,-40,0.12,0.95,0,0.0,800,348,PHM_C01_SS,Separate test set.,40,10,results/MultiRound,,100,70,0.963571429,0.92,0.940590665,0.954070513,0.034571062,0.05868939,0.040996203,0.034867034,0.541932821,0.585,0.562027878,0.549661874,0.074702986,0.105540935,0.08769663,0.079334751,0.983333333,0.835,0.902483687,0.949116554,0.037497142,0.04116363,0.0321652,0.032263792,0.560526871,0.595,0.575434542,0.566006608,0.084456769,0.0831665,0.076884123,0.080243626,models/4_3_PHM_C01_SS_NoNBD__RF_Model_28-Jun-2023_19-33.mdl,149.6200497,13.38782477,0.950106382,11.90477681
64,9,4,SS,PHM C01 SS LBD,data\PHM_Tool_Wear_Data_C01_0p12.csv,RF_Model_PHM_C01_SS_LowNBD.mdl,SS,1,-1,-100,0.12,0.9,1000,0.05,800,348,PHM_C01_SS,Separate test set.,40,10,results/MultiRound,,100,70,0.0,0.0,0.0,0.0,0.0,0.0,0.0,0.0,0.517649319,0.57,0.54003676,0.52581264,0.067982101,0.108525471,0.080626865,0.071043366,0.3,0.03,0.054545455,0.107142857,0.421637021,0.042163702,0.076661277,0.15058465,0.636446989,0.58,0.603705026,0.622004414,0.115245733,0.115950181,0.104248706,0.107013142,models/4_4_PHM_C01_SS_LowNBD__RF_Model_28-Jun-2023_19-36.mdl,104.7988479,13.66342449,1.011740685,11.8428998
65,9,5,SS,PHM C01 SS HBD,data\PHM_Tool_Wear_Data_C01_0p12.csv,RF_Model_PHM_C01_SS_HighNBD.mdl,SS,1,-1,-40,0.12,0.85,100,0.1,800,348,PHM_C01_SS,Separate test set.,40,10,results/MultiRound,,100,70,0.800357143,0.28,0.408625919,0.57111569,0.216659435,0.125166556,0.165672723,0.200245866,0.5,1.0,0.666666667,0.555555556,0.0,0.0,0.0,0.0,0.15,0.01,0.018614719,0.038690476,0.337474279,0.021081851,0.039256535,0.081867782,0.536921689,0.335,0.408727651,0.475283118,0.091673414,0.094428103,0.091388658,0.089638048,models/4_5_PHM_C01_SS_HighNBD__RF_Model_28-Jun-2023_19-38.mdl,79.50222945,13.5307157,1.016399384,11.71125889
66,9,6,SS,PHM C04 SS NBD,data\PHM_Tool_Wear_Data_C04_0p098.csv,RF_Model_PHM_C04_SS_NoNBD.mdl,SS,1,-1,-40,0.098,0.95,0,0.0,800,348,PHM_C04_SS,Separate test set.,40,10,results/MultiRound,,100,70,0.697044335,1.0,0.821428571,0.74197861,0.011897682,0.0,0.008215066,0.010763055,0.522869692,0.955,0.67493264,0.574559518,0.042645075,0.028382311,0.036372331,0.04106528,0.6,0.035,0.065800866,0.139880952,0.516397779,0.033747428,0.062460464,0.128624389,0.326111111,0.075,0.119858648,0.189862915,0.243235648,0.063464776,0.098283799,0.148547692,models/4_6_PHM_C04_SS_NoNBD__RF_Model_28-Jun-2023_19-40.mdl,158.1562045,13.66469741,0.975431681,12.15026093
67,9,7,SS,PHM C04 SS LBD,data\PHM_Tool_Wear_Data_C04_0p098.csv,RF_Model_PHM_C04_SS_LowNBD.mdl,SS,1,-1,-40,0.098,0.85,1000,0.05,800,348,PHM_C04_SS,Separate test set.,40,10,results/MultiRound,,100,70,0.768302748,0.91,0.831605423,0.792131641,0.0607573,0.056764621,0.044714544,0.053160863,0.0,0.0,0.0,0.0,0.0,0.0,0.0,0.0,0.466666667,0.05,0.089365707,0.170386905,0.501848435,0.057735027,0.101992581,0.190195998,0.4375,0.16,0.232529508,0.32165404,0.221978502,0.087559504,0.124057685,0.167521009,models/4_7_PHM_C04_SS_LowNBD__RF_Model_28-Jun-2023_19-43.mdl,149.7171042,13.42582226,0.966994524,11.73617029
68,9,8,SS,PHM C04 SS HBD,data\PHM_Tool_Wear_Data_C04_0p098.csv,RF_Model_PHM_C04_SS_HighNBD.mdl,SS,1,-1,-100,0.098,0.9,100,0.1,800,348,PHM_C04_SS,Separate test set.,40,10,results/MultiRound,,100,70,0.648601804,0.985,0.781174362,0.695703354,0.041349507,0.024152295,0.027909979,0.037157944,0.1,0.005,0.00952381,0.020833333,0.316227766,0.015811388,0.03011693,0.065880785,0.49608637,0.97,0.656399766,0.549792988,0.012298073,0.034960295,0.018194603,0.014094018,0.507952391,0.495,0.499519655,0.504089255,0.057852761,0.0831665,0.064782614,0.058847013,models/4_8_PHM_C04_SS_HighNBD__RF_Model_28-Jun-2023_19-46.mdl,130.8166156,13.75096869,1.016850471,11.82055187
69,9,9,SS,PHM C06 SS NBD,data\PHM_Tool_Wear_Data_C06_0p13.csv,RF_Model_PHM_C06_SS_NoNBD.mdl,SS,1,-1,-40,0.13,0.95,0,0.0,800,348,PHM_C06_SS,Separate test set.,40,10,results/MultiRound,,100,70,0.0,0.0,0.0,0.0,0.0,0.0,0.0,0.0,0.81015873,0.265,0.393664406,0.561909965,0.172161072,0.088349055,0.113701077,0.132137412,0.506616333,0.98,0.667816092,0.560747634,0.016911565,0.034960295,0.020751806,0.018088896,0.52374685,0.48,0.4967826,0.511469495,0.046599283,0.118321596,0.081122303,0.058926213,models/4_9_PHM_C06_SS_NoNBD__RF_Model_28-Jun-2023_19-49.mdl,154.2393043,13.50249577,0.957774162,11.68836594
70,9,10,SS,PHM C06 SS LBD,data\PHM_Tool_Wear_Data_C06_0p13.csv,RF_Model_PHM_C06_SS_LowNBD.mdl,SS,1,-1,-40,0.13,0.95,1000,0.05,800,348,PHM_C06_SS,Separate test set.,40,10,results/MultiRound,,100,70,0.945873396,0.9,0.919444192,0.934332919,0.039501323,0.078173596,0.034185214,0.024251048,0.507039792,0.545,0.523176708,0.51290496,0.068338264,0.086442017,0.067161449,0.065644745,0.49608637,0.97,0.656380284,0.549785647,0.010710599,0.034960295,0.016563413,0.012422373,0.423566883,0.395,0.406591266,0.415962803,0.08726085,0.111679104,0.099343959,0.092117297,models/4_10_PHM_C06_SS_LowNBD__RF_Model_28-Jun-2023_19-52.mdl,132.0414159,13.18302655,0.997300863,11.82680726
71,9,11,SS,PHM C06 SS HBD,data\PHM_Tool_Wear_Data_C06_0p13.csv,RF_Model_PHM_C06_SS_HighNBD.mdl,SS,1,-1,-40,0.13,0.9,100,0.1,800,348,PHM_C06_SS,Separate test set.,40,10,results/MultiRound,,100,70,0.797806324,0.935,0.859548774,0.82112734,0.043363749,0.062583278,0.037700992,0.038493441,0.507136597,0.46,0.480222463,0.495418839,0.085179465,0.114987922,0.097144197,0.088889759,0.216666667,0.02,0.036006023,0.069940476,0.368932394,0.034960295,0.062018069,0.117393015,0.300952381,0.045,0.077067486,0.136755952,0.219206292,0.028382311,0.049387331,0.090754698,models/4_11_PHM_C06_SS_HighNBD__RF_Model_28-Jun-2023_19-54.mdl,117.4705951,13.09059048,0.956949472,11.63134956
72,9,12,MS,PHM C01 MS NBD,data\PHM_Tool_Wear_Data_C01_0p12.csv,RF_Model_PHM_C01_MS_NoNBD.mdl,MS,1,-1,-40,0.12,0.925,0,0.0,800,348,PHM_C04_MS,Separate test set.,40,10,results/MultiRound,,100,70,0.54,0.97,0.69,0.59,0.01521752,0.048304589,0.020016678,0.016006368,0.0,0.0,0.0,0.0,0.0,0.0,0.0,0.0,0.49217274,0.97,0.65295149,0.545939042,0.011061006,0.042163702,0.019345193,0.013580904,0.504653211,0.65,0.567405778,0.527876317,0.058044489,0.11785113,0.081136941,0.066054535,models/4_12_PHM_C04_MS_NoNBD__RF_Model_28-Jun-2023_19-57.mdl,164.113728,13.79722595,1.514992714,12.5236659
73,9,13,MS,PHM C04 MS NBD,data\PHM_Tool_Wear_Data_C04_0p098.csv,RF_Model_PHM_C04_MS_NoNBD.mdl,MS,1,-1,-80,0.098,0.95,0,0.0,800,348,PHM_C04_MS,Separate test set.,40,10,results/MultiRound,,100,70,0.921428571,0.255,0.38327357,0.562229437,0.114489457,0.1363207,0.178175856,0.202086825,0.498383838,0.175,0.254269467,0.354994138,0.286721557,0.095014619,0.133742099,0.186143278,0.333333333,0.025,0.045925089,0.093005952,0.40824829,0.026352314,0.048465123,0.099159835,0.520952793,0.655,0.578945208,0.542436923,0.075698905,0.092646281,0.078376862,0.075900601,models/4_1_PHM_C04_MS_NoNBD__RF_Model_29-Jun-2023_19-33_0.92_0.26_0.56.mdl,165.3312204,13.99701977,1.49791503,11.61071539
74,9,14,MS,PHM C06 MS NBD,data\PHM_Tool_Wear_Data_C06_0p13.csv,RF_Model_PHM_C06_MS_NoNBD.mdl,MS,1,-1,-80,0.13,0.9,0,0.0,800,348,PHM_C06_MS,Separate test set.,40,10,results/MultiRound,,100,70,1.0,0.365,0.530884594,0.735150266,0.0,0.074721706,0.079579909,0.061979787,0.495546218,0.925,0.645024916,0.546140146,0.021499066,0.071686044,0.034172134,0.02521486,0.913571429,0.68,0.779253035,0.854495614,0.02869901,0.025819889,0.020236433,0.021966648,0.493299463,0.365,0.416109149,0.45787566,0.087937256,0.105540935,0.095837373,0.089387427,models/4_2_PHM_C06_MS_NoNBD__RF_Model_29-Jun-2023_19-36_1.00_0.36_0.74.mdl,176.3499265,15.48275113,1.553524733,11.98412371
