,algorithm,environment_info,RF_Pr,RF_Rc,RF_F1,RF_F05,RF_Pr_sd,RF_Rc_sd,RF_F1_sd,RF_F05_sd,A2C_Pr,A2C_Rc,A2C_F1,A2C_F05,A2C_Pr_sd,A2C_Rc_sd,A2C_F1_sd,A2C_F05_sd,DQN_Pr,DQN_Rc,DQN_F1,DQN_F05,DQN_Pr_sd,DQN_Rc_sd,DQN_F1_sd,DQN_F05_sd,PPO_Pr,PPO_Rc,PPO_F1,PPO_F05,PPO_Pr_sd,PPO_Rc_sd,PPO_F1_sd,PPO_F05_sd
27,RF_,PHM C01 MS NBD,0.826959308807135,0.995,0.9028949760496776,0.8556862121934424,0.0359002297089859,0.0158113883008419,0.0244986424981483,0.0316912369081113,0.4834456771298877,0.3399999999999999,0.3968840267891501,0.4437225877192982,0.1205217579141469,0.1100504934614612,0.1142074640421922,0.1174880170500477,0.4960863697705803,0.955,0.6527699289134584,0.5487547308839141,0.01089827409291,0.0437797517885456,0.0170735683657805,0.012375100790907,0.486572039072039,0.325,0.3858387655782765,0.4387640296393156,0.137551392945386,0.0754615428178118,0.0882247489336683,0.1090809997406408
72,A2C,PHM C01 MS NBD,1.0,0.2799999999999999,0.4341229141229141,0.6529963092463092,0.0,0.0632455532033675,0.0760412879705043,0.0692381197245828,0.5,1.0,0.6666666666666666,0.5555555555555556,0.0,0.0,0.0,0.0,0.35,0.025,0.0463203463203463,0.0952380952380952,0.4743416490252568,0.0353553390593273,0.0649847493103655,0.1314624505831543,0.5626134976134975,0.275,0.3606136541536986,0.4523517740429505,0.1156972023202122,0.0790569415042094,0.0782924986245741,0.0746132978912213
57,DQN,PHM C01 MS NBD,0.5,1.0,0.6666666666666666,0.5555555555555556,0.0,0.0,0.0,0.0,0.5087678022460631,0.535,0.5208056300706388,0.5133413185043619,0.0766911553692624,0.078351061823621,0.0740077473209747,0.0748439848702724,0.5053361053361053,0.985,0.6678765880217785,0.5598247843887378,0.014344537762902,0.0241522945769824,0.0158001689114931,0.0148370742770591,0.4531913116123641,0.265,0.3274985821030446,0.3893622276845961,0.1225244743128236,0.1106797181058932,0.1116980526866756,0.1135435981072958
87,PPO,PHM C01 MS NBD,0.8348785581986551,0.8949999999999999,0.8607503128686143,0.8443283666288395,0.0844975439581042,0.0895978670381041,0.0700132043425573,0.0754483512112889,0.4709523809523809,0.135,0.2063821593476765,0.307106782106782,0.2516331138500866,0.052967495273569,0.0828302027471292,0.1344657806514851,0.3943560606060606,0.635,0.4864615384615384,0.4266587075797601,0.0160985591204466,0.0337474278855276,0.0212732647607227,0.0177095307742724,0.5115879917184265,0.595,0.5488544283283365,0.5256261793761794,0.1117164111184006,0.1300640867675111,0.1160922659250463,0.1127351659143377
80,RF_,PHM C01 SS HBD,0.8504526632787502,0.97,0.9053034190867428,0.8713760297812023,0.0604574252100494,0.034960294939005,0.0409615761100463,0.0525375023322192,0.5189603722730658,0.495,0.5016351002524599,0.5106685653056621,0.0675397749016195,0.0955975359979998,0.065735021774377,0.0621476968487671,0.5,0.99,0.6644067796610169,0.5549242424242424,0.0085470085470085,0.0210818510677892,0.0116700063162558,0.0095047052109732,0.5202648046398046,0.725,0.6043546154890498,0.5507074440394448,0.0425961561994134,0.0889756521002609,0.0525385768806891,0.0446573919343165
110,A2C,PHM C01 SS HBD,0.8680128205128206,0.625,0.7233479532163744,0.8024479356960177,0.0814997713220476,0.1136515141415487,0.0935893242190078,0.0814954959192359,0.5211213797567718,0.6799999999999999,0.5880295418372039,0.5456220886605136,0.0559363465382372,0.1251665557034572,0.0791445106916453,0.0631223939441525,0.4987179487179487,0.99,0.6632573543736606,0.5536542753112521,0.004054202128421,0.0210818510677892,0.0076492023828155,0.0049819868415797,0.5474458874458874,0.27,0.3554905346639953,0.4456705430147767,0.1130031741845244,0.1183215956619923,0.1267811522140008,0.1224644619295069
5,DQN,PHM C01 SS HBD,0.0,0.0,0.0,0.0,0.0,0.0,0.0,0.0,0.0,0.0,0.0,0.0,0.0,0.0,0.0,0.0,0.5053306342780026,0.985,0.6678940190921488,0.5598279304674654,0.015355552042515,0.0241522945769824,0.0173969536109564,0.0160871962439516,0.4634919356006312,0.525,0.4917662047275601,0.4742928169860873,0.1053937692557796,0.1086533734200441,0.1058582647151298,0.1054176295001554
80,PPO,PHM C01 SS HBD,0.8504526632787502,0.97,0.9053034190867428,0.8713760297812023,0.0604574252100494,0.034960294939005,0.0409615761100463,0.0525375023322192,0.5189603722730658,0.495,0.5016351002524599,0.5106685653056621,0.0675397749016195,0.0955975359979998,0.065735021774377,0.0621476968487671,0.5,0.99,0.6644067796610169,0.5549242424242424,0.0085470085470085,0.0210818510677892,0.0116700063162558,0.0095047052109732,0.5202648046398046,0.725,0.6043546154890498,0.5507074440394448,0.0425961561994134,0.0889756521002609,0.0525385768806891,0.0446573919343165
4,RF_,PHM C01 SS LBD,0.9881944444444444,0.765,0.8607603643207359,0.9323771591363124,0.0249420624945388,0.0625832778517286,0.0388853234532537,0.0227089450659892,0.490177177483679,0.505,0.4958148527300728,0.4920491574681616,0.0783927373908994,0.1141392911217595,0.0913502589621522,0.0824201947636643,0.5,0.985,0.6632573543736606,0.5546012450082217,0.0085470085470085,0.0241522945769824,0.0119845088231299,0.0095356990065593,0.2652380952380952,0.09,0.1328221408221407,0.1880827505827505,0.1854867348307849,0.0614636297152859,0.088459417258968,0.1254406820449769
19,A2C,PHM C01 SS LBD,0.4974358974358974,0.985,0.6610169491525423,0.5520833333333333,0.008108404256842,0.0241522945769824,0.0122047847427643,0.0093461355181828,0.4987179487179487,0.995,0.6644067796610169,0.5539772727272727,0.004054202128421,0.0158113883008419,0.0071463901924709,0.0049909685293061,0.25,0.025,0.0454545454545454,0.0892857142857142,0.4249182927993987,0.0424918292799398,0.0772578714180724,0.1517565331426423,0.4339255189255189,0.175,0.2447555968935279,0.3276508214008213,0.1682110132258405,0.1006920497799547,0.1225583268935416,0.1425280320033808
124,DQN,PHM C01 SS LBD,0.9677777777777776,0.505,0.660905046010719,0.8145906279178338,0.0519707631219586,0.089597867038104,0.0851110482312611,0.0698047361546758,0.4571477052359405,0.3299999999999999,0.3812611984748207,0.4226681755151266,0.1442674218363623,0.1273664878302853,0.1326583170460793,0.1380803610616844,0.5038461538461538,0.99,0.6677966101694915,0.5587121212121212,0.0105547769531867,0.0210818510677892,0.0135278983021227,0.0115261480956474,0.5822679513468987,0.63,0.6034075708295723,0.5901574956938405,0.0522140814038872,0.075277265270908,0.0519483793958368,0.049332536520133
49,PPO,PHM C01 SS LBD,0.0,0.0,0.0,0.0,0.0,0.0,0.0,0.0,0.5075868347338935,0.5650000000000001,0.5327260979700004,0.5168896748207092,0.0778677522366961,0.0883490552046571,0.0732333095484999,0.0738560932751187,0.3,0.02,0.0372294372294372,0.0773809523809523,0.4216370213557839,0.0258198889747161,0.0480846536211452,0.1003897669894723,0.6231999851999852,0.74,0.6754439240705344,0.6428797904604356,0.0825353538096256,0.1220200347848208,0.095933490205186,0.0867158248377622
48,RF_,PHM C01 SS NBD,0.8892715979672502,0.995,0.9388596277989356,0.9083994708994708,0.0285548186600278,0.0158113883008419,0.0160121894615339,0.023364535974122,0.3512066365007541,0.265,0.301216427667666,0.3290300353204176,0.0787887488483982,0.0625832778517286,0.0681608134691587,0.073567122577257,0.5039811066126856,0.98,0.6655756867329047,0.5581835799859055,0.0138228719462171,0.0258198889747161,0.0165273215100664,0.0146999925203347,0.572502598850425,0.6950000000000001,0.6268120893905746,0.5928688321833484,0.0673678328009516,0.1165475582469805,0.086097022496243,0.0737321210997507
108,A2C,PHM C01 SS NBD,0.0,0.0,0.0,0.0,0.0,0.0,0.0,0.0,0.5862621280396216,0.625,0.6029176298428769,0.592323817486861,0.0826466397665844,0.1230401921686116,0.0954090526182921,0.0856312164670185,0.3666666666666666,0.035,0.0625258799171842,0.1197916666666666,0.4288946459026396,0.0411636301174282,0.0723407546359514,0.1345906072452382,0.3275,0.08,0.1234572354182548,0.1887893356643356,0.1603454026411364,0.053748384988657,0.0746258072035055,0.0976699937293977
18,DQN,PHM C01 SS NBD,0.0,0.0,0.0,0.0,0.0,0.0,0.0,0.0,0.491409648703699,0.5650000000000001,0.5239201782171399,0.5035774523955836,0.0645635430324479,0.1131616346451196,0.0811689992050947,0.069533137629638,0.6469074103501244,0.97,0.775874549819928,0.6929409642644936,0.0270249301045272,0.0483045891539648,0.0311333361332715,0.0279569321983816,0.5053116246498599,0.4049999999999999,0.4446322580605452,0.4774026357414515,0.0981883679741301,0.0984603699182795,0.0885025040048988,0.089483157105443
93,PPO,PHM C01 SS NBD,0.9072727272727272,0.96,0.9322331327209376,0.9169547597995872,0.0381987039999986,0.0316227766016837,0.024348397656235,0.0315908768550404,0.5298764948389729,0.495,0.5068198379866216,0.5188631236403306,0.0942662310914479,0.0864420165325996,0.0654873711556877,0.0744240239815473,0.4987179487179487,0.98,0.6609779855834794,0.5530156213295748,0.0072775155409942,0.0258198889747161,0.0110036350620006,0.0082594770654077,0.5428221454537244,1.0,0.7034357052505873,0.5973572734066211,0.0219979987964329,0.0,0.0185954041587089,0.0213596836831628
58,RF_,PHM C04 MS NBD,0.9102272727272728,0.425,0.576977653006574,0.7376087454212454,0.0858654557560528,0.0540061724867321,0.0561058729682225,0.0596868099550203,0.5449206349206349,0.205,0.2922545822632029,0.399389336154042,0.1686682530645193,0.0955975359979999,0.1164640866747552,0.1335569732811653,0.4,0.03,0.0546583850931676,0.109375,0.5163977794943222,0.0483045891539647,0.0852372009294077,0.1599673541637422,0.5358650121808017,0.385,0.4426254330664938,0.4921846884840306,0.1424671783189308,0.1106797181058932,0.1086049146069756,0.1208792960549607
133,A2C,PHM C04 MS NBD,0.5278427128427128,0.22,0.3053753830625354,0.4043453176725236,0.2003431918613686,0.1085254706406647,0.1345661676266603,0.1602325523241781,0.5,1.0,0.6666666666666666,0.5555555555555556,0.0,0.0,0.0,0.0,0.35,0.025,0.0463203463203463,0.0952380952380952,0.4743416490252569,0.0353553390593273,0.0649847493103655,0.1314624505831543,0.4703684210526315,0.4549999999999999,0.4593482367166577,0.4651425707600745,0.0342139923102716,0.0797565740933693,0.0458926876097144,0.0342728912410498
13,DQN,PHM C04 MS NBD,0.89,0.175,0.2883401236444715,0.477223124098124,0.1555952330349805,0.0424918292799398,0.0583496595198968,0.0720051738465463,0.4927041321251847,0.615,0.5459066089045329,0.5124537424940651,0.0768599895858491,0.1292069829554287,0.0977771463758201,0.0842103699783981,0.5012838749680855,0.975,0.6620494837327099,0.5552042434309876,0.0129791057288677,0.0353553390593274,0.0180325639894766,0.0144462837516668,0.5228052584670231,0.3399999999999999,0.4069655291429484,0.4666126867413632,0.1336846466754575,0.1468181036369682,0.1489993166907118,0.1442860030373645
103,PPO,PHM C04 MS NBD,0.3166666666666666,0.04,0.069339356295878,0.1254960317460317,0.4335469558917038,0.0658280588604383,0.1108613508858967,0.1897648305867175,0.5024096624096624,0.945,0.6557813081132777,0.5542348317057619,0.0214414789342894,0.0643341968853959,0.0321027568189626,0.0245757900437406,0.3333333333333333,0.025,0.0459250894033502,0.0930059523809523,0.408248290463863,0.0263523138347364,0.0484651231928766,0.0991598353259116,0.5007151558530869,0.635,0.5579789409612099,0.5217933767639426,0.0777978402343939,0.1001387925719986,0.0815184212741598,0.0781862217561503
143,RF_,PHM C04 SS HBD,0.7082456064149427,0.8400000000000001,0.7665227425085868,0.7300656583714147,0.0678050305448571,0.0966091783079295,0.068348389964541,0.0654724216550017,0.5232701070858965,0.575,0.5451858981127274,0.5312111690991002,0.0569388976751301,0.1034139470499238,0.0711378759313298,0.0600928668886992,0.5106010869168764,0.985,0.6724548073866724,0.5649864508876137,0.0151007836741248,0.0241522945769824,0.0165006807432534,0.0155962884740213,0.319047619047619,0.0849999999999999,0.1328836863619472,0.2024936868686868,0.1788234553080337,0.0474341649025256,0.0733044113838162,0.1111247857316389
113,A2C,PHM C04 SS HBD,0.5979126878023937,0.995,0.7468362874023252,0.6497223438012911,0.014903277064278,0.0158113883008419,0.0129197712919176,0.0142989340903236,0.5209373576736006,0.835,0.6408263395709968,0.5629732370275133,0.0315768506966365,0.0944281031614352,0.0498147427308922,0.037053657625352,0.3205665024630542,0.4549999999999999,0.3761054421768707,0.3406862745098039,0.0218847904909232,0.0283823106098773,0.024563728213437,0.0228668929510902,0.5174603396827436,0.82,0.6332142478836655,0.5581190048213901,0.0355856537698334,0.0674948557710552,0.0366239530439146,0.0350029331180083
143,DQN,PHM C04 SS HBD,0.7082456064149427,0.8400000000000001,0.7665227425085868,0.7300656583714147,0.0678050305448571,0.0966091783079295,0.068348389964541,0.0654724216550017,0.5232701070858965,0.575,0.5451858981127274,0.5312111690991002,0.0569388976751301,0.1034139470499238,0.0711378759313298,0.0600928668886992,0.5106010869168764,0.985,0.6724548073866724,0.5649864508876137,0.0151007836741248,0.0241522945769824,0.0165006807432534,0.0155962884740213,0.319047619047619,0.0849999999999999,0.1328836863619472,0.2024936868686868,0.1788234553080337,0.0474341649025256,0.0733044113838162,0.1111247857316389
113,PPO,PHM C04 SS HBD,0.5979126878023937,0.995,0.7468362874023252,0.6497223438012911,0.014903277064278,0.0158113883008419,0.0129197712919176,0.0142989340903236,0.5209373576736006,0.835,0.6408263395709968,0.5629732370275133,0.0315768506966365,0.0944281031614352,0.0498147427308922,0.037053657625352,0.3205665024630542,0.4549999999999999,0.3761054421768707,0.3406862745098039,0.0218847904909232,0.0283823106098773,0.024563728213437,0.0228668929510902,0.5174603396827436,0.82,0.6332142478836655,0.5581190048213901,0.0355856537698334,0.0674948557710552,0.0366239530439146,0.0350029331180083
82,RF_,PHM C04 SS LBD,0.7984274742970395,0.98,0.8792919188224999,0.8288036641241592,0.0360858382842205,0.0258198889747161,0.0218444499828977,0.0304623374613639,0.5218659526654378,0.61,0.5582313946231513,0.5350292270040058,0.0676709371963463,0.1390443574307613,0.0838346051352759,0.0698795330881188,0.5065470328628223,0.985,0.6689460354568478,0.5610181969193597,0.0110753059950612,0.0241522945769824,0.0129201593062669,0.0115734722187067,0.4707714507714508,0.215,0.2882627207523013,0.3696467457980615,0.1131740382911075,0.0944281031614352,0.1076768702537297,0.1148497109650097
112,A2C,PHM C04 SS LBD,0.7125240918501788,0.8,0.7516665749094026,0.7272304461322452,0.0517073342150414,0.0881917103688196,0.054177678826684,0.0484409376685721,0.5561774167861124,0.665,0.6026051411751364,0.5732678107632767,0.0583603700162202,0.085146931829632,0.0511978550225819,0.0521715202752959,0.4666666666666667,0.04,0.0717203086768304,0.1393849206349206,0.4430533786083752,0.0394405318873307,0.0683624692895725,0.1258885182561245,0.5715295815295816,0.275,0.3649243212396716,0.4615351254138018,0.090016796431667,0.0716860438920218,0.0694743235122304,0.0668374152597134
37,DQN,PHM C04 SS LBD,0.6564145467065379,0.985,0.7873518824075348,0.7031280038632979,0.0430733695853929,0.0241522945769824,0.0367785659791193,0.0413008393017379,0.0,0.0,0.0,0.0,0.0,0.0,0.0,0.0,0.7336589336589336,0.99,0.8425994449583719,0.7736436950146628,0.0248712439621262,0.0316227766016837,0.0249385054443833,0.024601445647193,0.5118831168831168,0.135,0.2036707629288274,0.3015625,0.2106277601239508,0.0747217059048663,0.0967134458168628,0.1120895444853754
22,PPO,PHM C04 SS LBD,0.5,1.0,0.6666666666666666,0.5555555555555556,0.0,0.0,0.0,0.0,0.5046527016603742,0.505,0.5026508418195733,0.5033155007161754,0.0705611274112406,0.0926462807312486,0.0743411163236391,0.0699295701398488,0.5053361053361053,0.975,0.6656167010161289,0.5591934712574247,0.0166978177835895,0.0263523138347365,0.0197967314261835,0.0177895354780201,0.546230460283055,0.6599999999999999,0.5958376162004244,0.5647127006933041,0.1073395488201684,0.1595131481867386,0.1262487992990872,0.1136895073818391
66,RF_,PHM C04 SS NBD,0.8105128205128205,1.0,0.8951251646903822,0.842324805339266,0.0265494355003142,0.0,0.0163248457633836,0.0230107967008593,0.5362147276403568,0.645,0.5832747208614324,0.553645313020313,0.0707488883508198,0.1141392911217595,0.0811574311602595,0.0726546707963124,0.4975744975744975,0.97,0.6576271186440679,0.5512265512265512,0.0103487072231934,0.0258198889747161,0.0116700063162558,0.0105715860476859,0.4676190476190475,0.155,0.2294078003733176,0.3268037518037517,0.1464590023009895,0.0797565740933693,0.1034700714287947,0.1242902008619549
66,A2C,PHM C04 SS NBD,0.8105128205128205,1.0,0.8951251646903822,0.842324805339266,0.0265494355003142,0.0,0.0163248457633836,0.0230107967008593,0.5362147276403568,0.645,0.5832747208614324,0.553645313020313,0.0707488883508198,0.1141392911217595,0.0811574311602595,0.0726546707963124,0.4975744975744975,0.97,0.6576271186440679,0.5512265512265512,0.0103487072231934,0.0258198889747161,0.0116700063162558,0.0105715860476859,0.4676190476190475,0.155,0.2294078003733176,0.3268037518037517,0.1464590023009895,0.0797565740933693,0.1034700714287947,0.1242902008619549
21,DQN,PHM C04 SS NBD,0.7006032481711013,0.98,0.8159804812600816,0.7424415894514922,0.0457763932475184,0.0258198889747161,0.0296653596974066,0.0404028292290753,0.49296949481547,0.485,0.4868630808874711,0.4900052243483653,0.0892181783056584,0.1131616346451197,0.0948576309583184,0.0897173108698771,0.5012109275267169,0.965,0.6596491228070176,0.5544722557803954,0.0130647280142471,0.0411636301174282,0.0198006940376625,0.0150263459785703,0.3895806889189242,0.2799999999999999,0.3246238787581292,0.3602353491237005,0.1249868227142818,0.1206464071390257,0.1243502477766918,0.1252797751225033
126,PPO,PHM C04 SS NBD,0.6434139784946236,1.0,0.7829260935143288,0.6927820677820676,0.0153255934073058,0.0,0.011330146118312,0.0142068725913377,0.5658427003964761,0.6,0.5743666870171428,0.5671071207666601,0.0593480508348392,0.1471960144387974,0.0862364361752476,0.0615524461482802,0.4973665973665973,0.975,0.6586381207255426,0.5513618326118326,0.0101931060476538,0.0353553390593273,0.0162414209616155,0.0119440403049547,0.5786414628575445,0.8949999999999999,0.7023762110044963,0.622440899003399,0.0373095664892908,0.0864420165325996,0.0525533883191951,0.0421028906257575
149,RF_,PHM C06 MS NBD,0.933857370699476,0.865,0.8961826671711138,0.91791018964932,0.0519398248904964,0.0529674952735689,0.0277672411483932,0.0367422004396799,0.5,1.0,0.6666666666666666,0.5555555555555556,0.0,0.0,0.0,0.0,0.4242036124794744,0.615,0.502,0.4522249809014514,0.0217699630438178,0.0337474278855276,0.0255640841933721,0.023006529286911,0.5496356653322597,0.415,0.4683739561138941,0.512122801238934,0.1271666210507643,0.149164338901763,0.1393874333943811,0.1313119895732328
149,A2C,PHM C06 MS NBD,0.933857370699476,0.865,0.8961826671711138,0.91791018964932,0.0519398248904964,0.0529674952735689,0.0277672411483932,0.0367422004396799,0.5,1.0,0.6666666666666666,0.5555555555555556,0.0,0.0,0.0,0.0,0.4242036124794744,0.615,0.502,0.4522249809014514,0.0217699630438178,0.0337474278855276,0.0255640841933721,0.023006529286911,0.5496356653322597,0.415,0.4683739561138941,0.512122801238934,0.1271666210507643,0.149164338901763,0.1393874333943811,0.1313119895732328
14,DQN,PHM C06 MS NBD,0.9230555555555556,0.275,0.41131642182017,0.5985261266511267,0.1154110118060254,0.1184389200295991,0.1471441245620168,0.150010224839645,0.4751309656231791,0.575,0.515156971879661,0.4893606864550069,0.0571764604620413,0.1550089603144856,0.0923900165957907,0.0682952172997929,0.9692307692307692,0.6,0.740909090909091,0.8627450980392156,0.0537850691369308,0.0235702260395515,0.030886636063476,0.0413817920451642,0.5347774447774447,0.425,0.469506902772779,0.5053741516556162,0.0598700397417667,0.097894501037256,0.072436993769543,0.0609198443290648
119,PPO,PHM C06 MS NBD,0.9260241719065248,0.625,0.7435892749744742,0.842135167464115,0.0636036120235741,0.0889756521002609,0.0751508327369082,0.0643376844894299,0.4938001730506474,0.8300000000000001,0.6184454445527965,0.5370114657448225,0.0390034455385255,0.0674948557710553,0.0431278033143433,0.040039650880165,0.2,0.01,0.019047619047619,0.0416666666666666,0.4216370213557839,0.0210818510677892,0.0401559067957889,0.0878410461157882,0.4974529569892473,0.69,0.5767305814390213,0.526184127838744,0.038734489227693,0.0994428926011752,0.0565164111816574,0.0437577961796614
71,RF_,PHM C06 SS HBD,0.8207437153489785,0.845,0.8314545296380983,0.8247142774766463,0.0413886711597606,0.0761941963377496,0.0505390943242757,0.0424296938822099,0.5179761904761905,0.5549999999999999,0.5337028824833703,0.5236374257925982,0.1176832531525295,0.1212206436397878,0.113447957859979,0.1145465365489863,0.0347712418300653,0.03,0.0321723226986384,0.0336709486166007,0.0477326088138027,0.0421637021355784,0.0447179161507863,0.0464599200993367,0.3696969696969697,0.11,0.1649010526640259,0.2414044289044289,0.2352567863742712,0.0737864787372621,0.1050964744512203,0.1484186388387807
11,A2C,PHM C06 SS HBD,0.6531620157023383,0.95,0.7732948557491737,0.6963257088257089,0.0486774447540227,0.0408248290463863,0.041838471781146,0.0463710371547892,0.5401474497239115,0.755,0.628239463928306,0.5720042917864225,0.0667547014333936,0.1116791037850063,0.078383593908843,0.0698933772204888,0.4999325236167341,0.99,0.6643288525228911,0.5548508339206013,0.0106521064320743,0.0316227766016838,0.0160367158599311,0.0122798479792766,0.4540338827838828,0.2799999999999999,0.3379719817219817,0.3948187351863822,0.0870941935392561,0.0674948557710552,0.0537225563974246,0.0543618029691279
131,DQN,PHM C06 SS HBD,0.7088311688311688,0.49,0.5764104243848076,0.6478323566268613,0.0914146247386232,0.0994428926011753,0.094992099648424,0.0907753974061479,0.1,0.005,0.0095238095238095,0.0208333333333333,0.3162277660168379,0.0158113883008418,0.0301169300968416,0.0658807845868412,0.9801587301587302,0.96,0.9693360982192818,0.9756445094760312,0.0257172249936819,0.045946829173634,0.0273852082098611,0.0231845981222618,0.3372222222222222,0.1149999999999999,0.1702629784009094,0.2409715284715284,0.2495819550035108,0.1001387925719986,0.1415378040497664,0.1897024822970607
116,PPO,PHM C06 SS HBD,0.7095661375661375,0.985,0.8243971631205673,0.7513561958874458,0.0255098503998948,0.0337474278855276,0.0204930588531963,0.0230370626574478,0.0,0.0,0.0,0.0,0.0,0.0,0.0,0.0,0.6,0.035,0.0658008658008657,0.1398809523809523,0.5163977794943222,0.0337474278855276,0.0624604637271863,0.1286243889552614,0.5214571700441265,0.615,0.5635326946552975,0.5373506203247582,0.0857848260849658,0.1106797181058932,0.0935092642661039,0.0880673168504435
145,RF_,PHM C06 SS LBD,0.942625558995528,0.795,0.8611101558469979,0.907799854131376,0.0476151424730223,0.0598609499868933,0.0413527365442902,0.0394775188482969,0.4620391888812941,0.425,0.4398620926926447,0.4520122318715668,0.0889873904293742,0.1111805338677194,0.0967943354804502,0.0906996492408316,0.5014899514899515,0.985,0.6645257210823668,0.5560515873015872,0.0159122526822671,0.0241522945769824,0.0177798749559785,0.0165963817825476,0.4800766055410018,0.385,0.4230873406570001,0.4538990303492592,0.0782599701618931,0.0818195847242238,0.0680480469967592,0.0668468869667944
40,A2C,PHM C06 SS LBD,0.5,1.0,0.6666666666666666,0.5555555555555556,0.0,0.0,0.0,0.0,0.5012820512820513,1.0,0.6677966101694915,0.5568181818181819,0.0040542021284209,0.0,0.0035731950962354,0.0039927748234449,0.0297794117647058,0.025,0.0271771771771771,0.0286796536796536,0.0314093878381535,0.0263523138347364,0.0286507575982904,0.0302417696588195,0.508003108003108,0.225,0.3059629580652939,0.3969381313131313,0.1338983696163207,0.0978945010372561,0.1129962842533486,0.1217029971640269
85,DQN,PHM C06 SS LBD,0.6073115609880315,1.0,0.7553153205983395,0.6589153497048233,0.0293783494837271,0.0,0.0225486303163498,0.0275908024116179,0.5029700889925348,0.475,0.4850869677955686,0.4947638362040535,0.0925460458408103,0.1006920497799547,0.0846422582714052,0.086063392845357,0.9610576923076924,0.725,0.8255283931754519,0.9014724310776944,0.0338023281237811,0.0485912657903775,0.0364626168585825,0.0305082730952204,0.3938769563769563,0.245,0.3005125803987284,0.3494569639596729,0.0877558930242002,0.0598609499868932,0.069041578895065,0.0776478311683211
10,PPO,PHM C06 SS LBD,0.0,0.0,0.0,0.0,0.0,0.0,0.0,0.0,0.5113543003600548,0.47,0.4849223629537635,0.4991236790325149,0.1069644889616839,0.1206464071390257,0.0991655691151615,0.0989644943111059,0.35,0.03,0.0538961038961038,0.1051587301587301,0.4743416490252569,0.0421637021355784,0.0744821518029744,0.1417875893741969,0.5517812253106371,0.37,0.4378120189959625,0.4973538761943998,0.1507634330378724,0.0948683298050513,0.1012503891112271,0.1198029800192001
114,RF_,PHM C06 SS NBD,1.0,0.8949999999999999,0.9439508334245176,0.9766263175230566,0.0,0.0497214463005876,0.0271196335294433,0.0114713949453763,0.4869317232475126,0.4549999999999999,0.465339629727347,0.4764837528823261,0.1054094998535656,0.142302494707577,0.1185629727730823,0.1077699960344758,0.35,0.02,0.0376623376623376,0.0803571428571428,0.4743416490252569,0.0258198889747161,0.0486379257390081,0.1040957808696402,0.2761904761904762,0.08,0.1205915485480702,0.1778166278166278,0.1963086855571991,0.0586893895388633,0.0819091935421716,0.1150147578395344
24,A2C,PHM C06 SS NBD,0.0,0.0,0.0,0.0,0.0,0.0,0.0,0.0,0.5204349650276283,0.6799999999999999,0.5873213154222581,0.5448644571043437,0.0685533636508911,0.1273664878302853,0.0846215840086302,0.0725177920466976,0.0052631578947368,0.005,0.0051282051282051,0.0052083333333333,0.0166435666324651,0.0158113883008418,0.0162168085136839,0.0164701961467103,0.5268243071446733,0.605,0.5609137128814102,0.5394755804555944,0.0969612972146575,0.1116791037850063,0.0959887095844367,0.0951030374824384
129,DQN,PHM C06 SS NBD,0.9295471298567276,0.955,0.9404577185064992,0.933474974099974,0.0481262995451975,0.0643341968853959,0.0407178482676581,0.0407453834620064,0.4688919568563531,0.355,0.4008088576992751,0.437895254792507,0.0555232098920461,0.0724568837309471,0.0579001712227311,0.0523310357485717,0.9349030679465462,0.975,0.9539702347189586,0.942314306064306,0.045866611041968,0.0263523138347365,0.029922760818917,0.0390085845171982,0.3688492063492063,0.13,0.1904533142464176,0.266462703962704,0.1951928556654425,0.0823272602348564,0.1147826755893595,0.1511334308398552
84,PPO,PHM C06 SS NBD,1.0,0.58,0.733357771260997,0.8726000816993464,0.0,0.0421637021355783,0.034135906106253,0.0195870438062391,0.548362258264807,0.615,0.5775916749686683,0.5592564677942578,0.0573056893665199,0.0883490552046571,0.0604706829564564,0.055988626434519,0.5026334026334026,0.97,0.6621079290863043,0.5562172807812342,0.0171557160778586,0.034960294939005,0.0223043887322752,0.0188266697837863,0.5867368718238284,0.65,0.6148712479733167,0.5972520226455759,0.0802303593870696,0.1080123449734643,0.0871568085893701,0.0813076000948692
2,RF_,Simulated HBD,0.9223762469414644,0.99,0.9545656753909731,0.934896214896215,0.0400962276590636,0.0210818510677892,0.0256135854350566,0.0340695359884989,0.5025641025641026,1.0,0.6689265536723163,0.5580808080808082,0.0054056028378946,0.0,0.0047642601283139,0.0053236997645931,0.5000674763832659,0.985,0.663315799727255,0.5546673126614987,0.0122471649368969,0.0241522945769824,0.0151876862383759,0.013193098684848,0.5149855699855699,0.245,0.3293700010593781,0.4183547457444516,0.1637496114083142,0.1012422836565829,0.1236690332240415,0.1431187163181982
2,A2C,Simulated HBD,0.9223762469414644,0.99,0.9545656753909731,0.934896214896215,0.0400962276590636,0.0210818510677892,0.0256135854350566,0.0340695359884989,0.5025641025641026,1.0,0.6689265536723163,0.5580808080808082,0.0054056028378946,0.0,0.0047642601283139,0.0053236997645931,0.5000674763832659,0.985,0.663315799727255,0.5546673126614987,0.0122471649368969,0.0241522945769824,0.0151876862383759,0.013193098684848,0.5149855699855699,0.245,0.3293700010593781,0.4183547457444516,0.1637496114083142,0.1012422836565829,0.1236690332240415,0.1431187163181982
47,DQN,Simulated HBD,0.8674106612341907,0.875,0.8698339371831028,0.8680404378230465,0.0524615594350602,0.0754615428178118,0.0560382547410793,0.0512872629829419,0.4557379131876035,0.39,0.4166149379294851,0.4379399439541703,0.0946187854868656,0.1242756792153816,0.1094789227257255,0.0997991624339124,0.5039136302294197,0.99,0.667816091954023,0.5587635071646699,0.010710599147261,0.0210818510677892,0.012531918592319,0.0112702203422705,0.5941666666666666,0.185,0.2779910319565492,0.4039210789210788,0.201692300176822,0.0747217059048663,0.1023068781188441,0.1372430286380386
32,PPO,Simulated HBD,0.7863582311408399,1.0,0.8798312058041422,0.8211579334180836,0.0428406900995766,0.0,0.0265330364873192,0.0372225908796903,0.3033333333333333,0.025,0.0448341803124411,0.0876488095238095,0.4056544780420346,0.0263523138347364,0.0474522588259462,0.0953992983017438,0.5039811066126856,0.98,0.6655756867329047,0.5581835799859055,0.018573241357813,0.034960294939005,0.0231816318351392,0.0200967404187533,0.5692513368983957,0.355,0.433790051911494,0.5045172674332891,0.1158231106559495,0.1065885130354632,0.1076977832065926,0.1100710076832412
91,RF_,Simulated LBD,0.9604260651629072,0.945,0.9520288996412232,0.9568965997770345,0.030704044606809,0.036893239368631,0.0222380712055161,0.0244280298478763,0.4822453934953935,0.445,0.4605155997903109,0.4726291341508732,0.1277325042151721,0.1403368962334725,0.1309091946598278,0.1279460408319807,0.3,0.02,0.0372294372294372,0.0773809523809523,0.4216370213557839,0.0258198889747161,0.0480846536211452,0.1003897669894723,0.4169444444444444,0.1,0.1565259772711046,0.2431814713064713,0.1965775849723977,0.0623609564462323,0.0887133482711666,0.1231020312003152
121,A2C,Simulated LBD,0.6521522230087302,1.0,0.7892612139195301,0.7008268219568528,0.0221291193031085,0.0,0.0163101474030707,0.0204891772683644,0.5157274683590473,1.0,0.6804228572600408,0.5710048994932715,0.0123687424745789,0.0,0.0107193967590403,0.0121123630496185,0.4933818433818433,0.965,0.6528499800055368,0.5468000184569952,0.0143874855073522,0.0474341649025256,0.0231120597280627,0.0170327425816313,0.5181926406926407,0.205,0.2914358956249946,0.3930876415251415,0.1759523592810269,0.0926462807312486,0.1224269314113566,0.1505743649468615
106,DQN,Simulated LBD,0.8286682882335057,1.0,0.9057027008493136,0.8577417000665054,0.0454454280097202,0.0,0.0270677561260836,0.0389077767080232,0.3782323232323232,0.1399999999999999,0.2015679181363274,0.2774914321789322,0.1911931475042528,0.0809663853432741,0.1106073846207751,0.1455545461493167,0.5,0.98,0.6621274108708357,0.5542855884425651,0.0104679048836888,0.0258198889747161,0.0143031771788483,0.0116421890740942,0.6331043303102126,0.4599999999999999,0.5301750289315205,0.5864335062521645,0.0646675588223202,0.0699205898780101,0.0589303507495559,0.0565460776817728
106,PPO,Simulated LBD,0.8286682882335057,1.0,0.9057027008493136,0.8577417000665054,0.0454454280097202,0.0,0.0270677561260836,0.0389077767080232,0.3782323232323232,0.1399999999999999,0.2015679181363274,0.2774914321789322,0.1911931475042528,0.0809663853432741,0.1106073846207751,0.1455545461493167,0.5,0.98,0.6621274108708357,0.5542855884425651,0.0104679048836888,0.0258198889747161,0.0143031771788483,0.0116421890740942,0.6331043303102126,0.4599999999999999,0.5301750289315205,0.5864335062521645,0.0646675588223202,0.0699205898780101,0.0589303507495559,0.0565460776817728
90,RF_,Simulated NBD,0.896542913608131,0.96,0.9260481360197752,0.9078664845690708,0.0593796801582875,0.0316227766016838,0.0347413265659684,0.0489234430543223,0.0,0.0,0.0,0.0,0.0,0.0,0.0,0.0,0.5267424663767823,0.8300000000000001,0.644283199491698,0.5681814748184717,0.0161684695397787,0.0483045891539647,0.0254736597985549,0.0189441506406047,0.4203246753246753,0.12,0.1823597785130042,0.2717747326203208,0.2665101677246353,0.0586893895388633,0.0923952737148501,0.1494834172064716
15,A2C,Simulated NBD,0.7649773937817417,0.955,0.849091098146667,0.7964696637136501,0.0447010456799475,0.0497214463005876,0.0432227006067972,0.0436891535431355,0.5,1.0,0.6666666666666666,0.5555555555555556,0.0,0.0,0.0,0.0,0.5054768331084121,0.98,0.6668051264924438,0.5596225657024012,0.0167137723531885,0.0258198889747161,0.0178209566185301,0.0171237117410872,0.501984126984127,0.1399999999999999,0.2157505648884958,0.3239989177489177,0.2116422784290617,0.0809663853432741,0.1144105325349135,0.1540063320449817
15,DQN,Simulated NBD,0.7649773937817417,0.955,0.849091098146667,0.7964696637136501,0.0447010456799475,0.0497214463005876,0.0432227006067972,0.0436891535431355,0.5,1.0,0.6666666666666666,0.5555555555555556,0.0,0.0,0.0,0.0,0.5054768331084121,0.98,0.6668051264924438,0.5596225657024012,0.0167137723531885,0.0258198889747161,0.0178209566185301,0.0171237117410872,0.501984126984127,0.1399999999999999,0.2157505648884958,0.3239989177489177,0.2116422784290617,0.0809663853432741,0.1144105325349135,0.1540063320449817
105,PPO,Simulated NBD,0.9791176470588236,0.665,0.7880376069346657,0.8908058917346844,0.0341375808843942,0.0973253421377095,0.0713741072519404,0.0433867434395032,0.0,0.0,0.0,0.0,0.0,0.0,0.0,0.0,0.4945906432748537,0.965,0.6538566975592107,0.5479679810011631,0.0142555116359321,0.052967495273569,0.0242505182542691,0.0172340827075805,0.6693223443223444,0.43,0.518478835978836,0.5967436974789916,0.0867215633714971,0.1085254706406646,0.1044743948341035,0.0949758036423258
